name,row,ciclo,entidad_universitaria,nivel_estudiante,tipo_estudiante_pec,total,hombres,mujeres,personas_nb
122 Estudiantes en PEC -1 - 2018-2019 - CUCEA - Pregrado - Estudiantes en programas educativos de calidad,1,2018-2019,CUCEA,Pregrado,Estudiantes en programas educativos de calidad,17952,8204,9748,
122 Estudiantes en PEC -2 - 2018-2019 - CUCEI - Pregrado - Estudiantes en programas educativos de calidad,2,2018-2019,CUCEI,Pregrado,Estudiantes en programas educativos de calidad,14295,10285,4010,
122 Estudiantes en PEC -3 - 2018-2019 - CUCSH - Pregrado - Estudiantes en programas educativos de calidad,3,2018-2019,CUCSH,Pregrado,Estudiantes en programas educativos de calidad,11206,4779,6427,
122 Estudiantes en PEC -4 - 2018-2019 - CUCS - Pregrado - Estudiantes en programas educativos de calidad,4,2018-2019,CUCS,Pregrado,Estudiantes en programas educativos de calidad,13817,4913,8904,
122 Estudiantes en PEC -5 - 2018-2019 - CUAAD - Pregrado - Estudiantes en programas educativos de calidad,5,2018-2019,CUAAD,Pregrado,Estudiantes en programas educativos de calidad,6438,2899,3539,
122 Estudiantes en PEC -6 - 2018-2019 - CUCBA - Pregrado - Estudiantes en programas educativos de calidad,6,2018-2019,CUCBA,Pregrado,Estudiantes en programas educativos de calidad,5403,2652,2751,
122 Estudiantes en PEC -7 - 2018-2019 - CUALTOS - Pregrado - Estudiantes en programas educativos de calidad,7,2018-2019,CUALTOS,Pregrado,Estudiantes en programas educativos de calidad,3905,1502,2403,
122 Estudiantes en PEC -8 - 2018-2019 - CUCI NEGA - Pregrado - Estudiantes en programas educativos de calidad,8,2018-2019,CUCI NEGA,Pregrado,Estudiantes en programas educativos de calidad,5219,2427,2792,
122 Estudiantes en PEC -9 - 2018-2019 - CUSUR - Pregrado - Estudiantes en programas educativos de calidad,9,2018-2019,CUSUR,Pregrado,Estudiantes en programas educativos de calidad,6108,2315,3793,
122 Estudiantes en PEC -10 - 2018-2019 - CUCOSTA - Pregrado - Estudiantes en programas educativos de calidad,10,2018-2019,CUCOSTA,Pregrado,Estudiantes en programas educativos de calidad,5192,2445,2747,
122 Estudiantes en PEC -11 - 2018-2019 - CUCOSTASUR - Pregrado - Estudiantes en programas educativos de calidad,11,2018-2019,CUCOSTASUR,Pregrado,Estudiantes en programas educativos de calidad,3092,1828,1264,
122 Estudiantes en PEC -12 - 2018-2019 - CUVALLES - Pregrado - Estudiantes en programas educativos de calidad,12,2018-2019,CUVALLES,Pregrado,Estudiantes en programas educativos de calidad,3718,1484,2234,
122 Estudiantes en PEC -13 - 2018-2019 - CUNORTE - Pregrado - Estudiantes en programas educativos de calidad,13,2018-2019,CUNORTE,Pregrado,Estudiantes en programas educativos de calidad,3853,1509,2344,
122 Estudiantes en PEC -14 - 2018-2019 - CULAGOS - Pregrado - Estudiantes en programas educativos de calidad,14,2018-2019,CULAGOS,Pregrado,Estudiantes en programas educativos de calidad,1673,792,881,
122 Estudiantes en PEC -15 - 2018-2019 - CUTONAL  - Pregrado - Estudiantes en programas educativos de calidad,15,2018-2019,CUTONAL ,Pregrado,Estudiantes en programas educativos de calidad,6640,3214,3426,
122 Estudiantes en PEC -16 - 2018-2019 - SUV - Pregrado - Estudiantes en programas educativos de calidad,16,2018-2019,SUV,Pregrado,Estudiantes en programas educativos de calidad,3365,1527,1838,
122 Estudiantes en PEC -17 - 2018-2019 - CUCEA - Pregrado - Estudiantes en programas educativos evaluables,17,2018-2019,CUCEA,Pregrado,Estudiantes en programas educativos evaluables,17952,8204,9748,
122 Estudiantes en PEC -18 - 2018-2019 - CUCEI - Pregrado - Estudiantes en programas educativos evaluables,18,2018-2019,CUCEI,Pregrado,Estudiantes en programas educativos evaluables,14295,10285,4010,
122 Estudiantes en PEC -19 - 2018-2019 - CUCSH - Pregrado - Estudiantes en programas educativos evaluables,19,2018-2019,CUCSH,Pregrado,Estudiantes en programas educativos evaluables,11206,4779,6427,
122 Estudiantes en PEC -20 - 2018-2019 - CUCS - Pregrado - Estudiantes en programas educativos evaluables,20,2018-2019,CUCS,Pregrado,Estudiantes en programas educativos evaluables,13973,4978,8995,
122 Estudiantes en PEC -21 - 2018-2019 - CUAAD - Pregrado - Estudiantes en programas educativos evaluables,21,2018-2019,CUAAD,Pregrado,Estudiantes en programas educativos evaluables,6930,3073,3857,
122 Estudiantes en PEC -22 - 2018-2019 - CUCBA - Pregrado - Estudiantes en programas educativos evaluables,22,2018-2019,CUCBA,Pregrado,Estudiantes en programas educativos evaluables,5937,2901,3036,
122 Estudiantes en PEC -23 - 2018-2019 - CUALTOS - Pregrado - Estudiantes en programas educativos evaluables,23,2018-2019,CUALTOS,Pregrado,Estudiantes en programas educativos evaluables,3905,1502,2403,
122 Estudiantes en PEC -24 - 2018-2019 - CUCI NEGA - Pregrado - Estudiantes en programas educativos evaluables,24,2018-2019,CUCI NEGA,Pregrado,Estudiantes en programas educativos evaluables,6092,2953,3139,
122 Estudiantes en PEC -25 - 2018-2019 - CUSUR - Pregrado - Estudiantes en programas educativos evaluables,25,2018-2019,CUSUR,Pregrado,Estudiantes en programas educativos evaluables,6502,2548,3954,
122 Estudiantes en PEC -26 - 2018-2019 - CUCOSTA - Pregrado - Estudiantes en programas educativos evaluables,26,2018-2019,CUCOSTA,Pregrado,Estudiantes en programas educativos evaluables,5632,2681,2951,
122 Estudiantes en PEC -27 - 2018-2019 - CUCOSTASUR - Pregrado - Estudiantes en programas educativos evaluables,27,2018-2019,CUCOSTASUR,Pregrado,Estudiantes en programas educativos evaluables,3641,1992,1649,
122 Estudiantes en PEC -28 - 2018-2019 - CUVALLES - Pregrado - Estudiantes en programas educativos evaluables,28,2018-2019,CUVALLES,Pregrado,Estudiantes en programas educativos evaluables,3718,1484,2234,
122 Estudiantes en PEC -29 - 2018-2019 - CUNORTE - Pregrado - Estudiantes en programas educativos evaluables,29,2018-2019,CUNORTE,Pregrado,Estudiantes en programas educativos evaluables,3919,1533,2386,
122 Estudiantes en PEC -30 - 2018-2019 - CULAGOS - Pregrado - Estudiantes en programas educativos evaluables,30,2018-2019,CULAGOS,Pregrado,Estudiantes en programas educativos evaluables,2494,1167,1327,
122 Estudiantes en PEC -31 - 2018-2019 - CUTONAL  - Pregrado - Estudiantes en programas educativos evaluables,31,2018-2019,CUTONAL ,Pregrado,Estudiantes en programas educativos evaluables,6640,3214,3426,
122 Estudiantes en PEC -32 - 2018-2019 - SUV - Pregrado - Estudiantes en programas educativos evaluables,32,2018-2019,SUV,Pregrado,Estudiantes en programas educativos evaluables,3365,1527,1838,
122 Estudiantes en PEC -33 - 2019-2020 - CUCEA - Pregrado - Estudiantes en programas educativos de calidad,33,2019-2020,CUCEA,Pregrado,Estudiantes en programas educativos de calidad,18186,8282,9904,
122 Estudiantes en PEC -34 - 2019-2020 - CUCEI - Pregrado - Estudiantes en programas educativos de calidad,34,2019-2020,CUCEI,Pregrado,Estudiantes en programas educativos de calidad,14410,10297,4113,
122 Estudiantes en PEC -35 - 2019-2020 - CUCSH - Pregrado - Estudiantes en programas educativos de calidad,35,2019-2020,CUCSH,Pregrado,Estudiantes en programas educativos de calidad,11281,4871,6410,
122 Estudiantes en PEC -36 - 2019-2020 - CUCS - Pregrado - Estudiantes en programas educativos de calidad,36,2019-2020,CUCS,Pregrado,Estudiantes en programas educativos de calidad,14170,4871,9299,
122 Estudiantes en PEC -37 - 2019-2020 - CUAAD - Pregrado - Estudiantes en programas educativos de calidad,37,2019-2020,CUAAD,Pregrado,Estudiantes en programas educativos de calidad,5523,2496,3027,
122 Estudiantes en PEC -38 - 2019-2020 - CUCBA - Pregrado - Estudiantes en programas educativos de calidad,38,2019-2020,CUCBA,Pregrado,Estudiantes en programas educativos de calidad,6666,3230,3436,
122 Estudiantes en PEC -39 - 2019-2020 - CUALTOS - Pregrado - Estudiantes en programas educativos de calidad,39,2019-2020,CUALTOS,Pregrado,Estudiantes en programas educativos de calidad,3889,1461,2428,
122 Estudiantes en PEC -40 - 2019-2020 - CUCI NEGA - Pregrado - Estudiantes en programas educativos de calidad,40,2019-2020,CUCI NEGA,Pregrado,Estudiantes en programas educativos de calidad,5543,2471,3072,
122 Estudiantes en PEC -41 - 2019-2020 - CUSUR - Pregrado - Estudiantes en programas educativos de calidad,41,2019-2020,CUSUR,Pregrado,Estudiantes en programas educativos de calidad,6276,2265,4011,
122 Estudiantes en PEC -42 - 2019-2020 - CUCOSTA - Pregrado - Estudiantes en programas educativos de calidad,42,2019-2020,CUCOSTA,Pregrado,Estudiantes en programas educativos de calidad,5374,2563,2811,
122 Estudiantes en PEC -43 - 2019-2020 - CUCOSTASUR - Pregrado - Estudiantes en programas educativos de calidad,43,2019-2020,CUCOSTASUR,Pregrado,Estudiantes en programas educativos de calidad,3685,1925,1760,
122 Estudiantes en PEC -44 - 2019-2020 - CUVALLES - Pregrado - Estudiantes en programas educativos de calidad,44,2019-2020,CUVALLES,Pregrado,Estudiantes en programas educativos de calidad,3555,1497,2058,
122 Estudiantes en PEC -45 - 2019-2020 - CUNORTE - Pregrado - Estudiantes en programas educativos de calidad,45,2019-2020,CUNORTE,Pregrado,Estudiantes en programas educativos de calidad,4102,1566,2536,
122 Estudiantes en PEC -46 - 2019-2020 - CULAGOS - Pregrado - Estudiantes en programas educativos de calidad,46,2019-2020,CULAGOS,Pregrado,Estudiantes en programas educativos de calidad,2004,914,1090,
122 Estudiantes en PEC -47 - 2019-2020 - CUTONAL  - Pregrado - Estudiantes en programas educativos de calidad,47,2019-2020,CUTONAL ,Pregrado,Estudiantes en programas educativos de calidad,6912,3289,3623,
122 Estudiantes en PEC -48 - 2019-2020 - SUV - Pregrado - Estudiantes en programas educativos de calidad,48,2019-2020,SUV,Pregrado,Estudiantes en programas educativos de calidad,3266,1454,1812,
122 Estudiantes en PEC -49 - 2019-2020 - CUCEA - Pregrado - Estudiantes en programas educativos evaluables,49,2019-2020,CUCEA,Pregrado,Estudiantes en programas educativos evaluables,18186,8282,9904,
122 Estudiantes en PEC -50 - 2019-2020 - CUCEI - Pregrado - Estudiantes en programas educativos evaluables,50,2019-2020,CUCEI,Pregrado,Estudiantes en programas educativos evaluables,14661,10455,4206,
122 Estudiantes en PEC -51 - 2019-2020 - CUCSH - Pregrado - Estudiantes en programas educativos evaluables,51,2019-2020,CUCSH,Pregrado,Estudiantes en programas educativos evaluables,11281,4871,6410,
122 Estudiantes en PEC -52 - 2019-2020 - CUCS - Pregrado - Estudiantes en programas educativos evaluables,52,2019-2020,CUCS,Pregrado,Estudiantes en programas educativos evaluables,14170,4871,9299,
122 Estudiantes en PEC -53 - 2019-2020 - CUAAD - Pregrado - Estudiantes en programas educativos evaluables,53,2019-2020,CUAAD,Pregrado,Estudiantes en programas educativos evaluables,6972,3067,3905,
122 Estudiantes en PEC -54 - 2019-2020 - CUCBA - Pregrado - Estudiantes en programas educativos evaluables,54,2019-2020,CUCBA,Pregrado,Estudiantes en programas educativos evaluables,6666,3230,3436,
122 Estudiantes en PEC -55 - 2019-2020 - CUALTOS - Pregrado - Estudiantes en programas educativos evaluables,55,2019-2020,CUALTOS,Pregrado,Estudiantes en programas educativos evaluables,3889,1461,2428,
122 Estudiantes en PEC -56 - 2019-2020 - CUCI NEGA - Pregrado - Estudiantes en programas educativos evaluables,56,2019-2020,CUCI NEGA,Pregrado,Estudiantes en programas educativos evaluables,5920,2731,3189,
122 Estudiantes en PEC -57 - 2019-2020 - CUSUR - Pregrado - Estudiantes en programas educativos evaluables,57,2019-2020,CUSUR,Pregrado,Estudiantes en programas educativos evaluables,6526,2435,4091,
122 Estudiantes en PEC -58 - 2019-2020 - CUCOSTA - Pregrado - Estudiantes en programas educativos evaluables,58,2019-2020,CUCOSTA,Pregrado,Estudiantes en programas educativos evaluables,5840,2804,3036,
122 Estudiantes en PEC -59 - 2019-2020 - CUCOSTASUR - Pregrado - Estudiantes en programas educativos evaluables,59,2019-2020,CUCOSTASUR,Pregrado,Estudiantes en programas educativos evaluables,3914,2017,1897,
122 Estudiantes en PEC -60 - 2019-2020 - CUVALLES - Pregrado - Estudiantes en programas educativos evaluables,60,2019-2020,CUVALLES,Pregrado,Estudiantes en programas educativos evaluables,3555,1497,2058,
122 Estudiantes en PEC -61 - 2019-2020 - CUNORTE - Pregrado - Estudiantes en programas educativos evaluables,61,2019-2020,CUNORTE,Pregrado,Estudiantes en programas educativos evaluables,4102,1566,2536,
122 Estudiantes en PEC -62 - 2019-2020 - CULAGOS - Pregrado - Estudiantes en programas educativos evaluables,62,2019-2020,CULAGOS,Pregrado,Estudiantes en programas educativos evaluables,2523,1169,1354,
122 Estudiantes en PEC -63 - 2019-2020 - CUTONAL  - Pregrado - Estudiantes en programas educativos evaluables,63,2019-2020,CUTONAL ,Pregrado,Estudiantes en programas educativos evaluables,6912,3289,3623,
122 Estudiantes en PEC -64 - 2019-2020 - SUV - Pregrado - Estudiantes en programas educativos evaluables,64,2019-2020,SUV,Pregrado,Estudiantes en programas educativos evaluables,3308,1481,1827,
122 Estudiantes en PEC -65 - 2020-2021 - CUCEA - Pregrado - Estudiantes en programas educativos de calidad,65,2020-2021,CUCEA,Pregrado,Estudiantes en programas educativos de calidad,19152,8547,10605,
122 Estudiantes en PEC -66 - 2020-2021 - CUCEI - Pregrado - Estudiantes en programas educativos de calidad,66,2020-2021,CUCEI,Pregrado,Estudiantes en programas educativos de calidad,16026,11457,4569,
122 Estudiantes en PEC -67 - 2020-2021 - CUCSH - Pregrado - Estudiantes en programas educativos de calidad,67,2020-2021,CUCSH,Pregrado,Estudiantes en programas educativos de calidad,11912,5074,6838,
122 Estudiantes en PEC -68 - 2020-2021 - CUCS - Pregrado - Estudiantes en programas educativos de calidad,68,2020-2021,CUCS,Pregrado,Estudiantes en programas educativos de calidad,14736,4988,9748,
122 Estudiantes en PEC -69 - 2020-2021 - CUAAD - Pregrado - Estudiantes en programas educativos de calidad,69,2020-2021,CUAAD,Pregrado,Estudiantes en programas educativos de calidad,5759,2585,3174,
122 Estudiantes en PEC -70 - 2020-2021 - CUCBA - Pregrado - Estudiantes en programas educativos de calidad,70,2020-2021,CUCBA,Pregrado,Estudiantes en programas educativos de calidad,6967,3319,3648,
122 Estudiantes en PEC -71 - 2020-2021 - CUALTOS - Pregrado - Estudiantes en programas educativos de calidad,71,2020-2021,CUALTOS,Pregrado,Estudiantes en programas educativos de calidad,4026,1479,2547,
122 Estudiantes en PEC -72 - 2020-2021 - CUCI NEGA - Pregrado - Estudiantes en programas educativos de calidad,72,2020-2021,CUCI NEGA,Pregrado,Estudiantes en programas educativos de calidad,5723,2547,3176,
122 Estudiantes en PEC -73 - 2020-2021 - CUSUR - Pregrado - Estudiantes en programas educativos de calidad,73,2020-2021,CUSUR,Pregrado,Estudiantes en programas educativos de calidad,6453,2318,4135,
122 Estudiantes en PEC -74 - 2020-2021 - CUCOSTA - Pregrado - Estudiantes en programas educativos de calidad,74,2020-2021,CUCOSTA,Pregrado,Estudiantes en programas educativos de calidad,5319,2466,2853,
122 Estudiantes en PEC -75 - 2020-2021 - CUCOSTASUR - Pregrado - Estudiantes en programas educativos de calidad,75,2020-2021,CUCOSTASUR,Pregrado,Estudiantes en programas educativos de calidad,4214,2168,2046,
122 Estudiantes en PEC -76 - 2020-2021 - CUVALLES - Pregrado - Estudiantes en programas educativos de calidad,76,2020-2021,CUVALLES,Pregrado,Estudiantes en programas educativos de calidad,3639,1547,2092,
122 Estudiantes en PEC -77 - 2020-2021 - CUNORTE - Pregrado - Estudiantes en programas educativos de calidad,77,2020-2021,CUNORTE,Pregrado,Estudiantes en programas educativos de calidad,3354,1282,2072,
122 Estudiantes en PEC -78 - 2020-2021 - CULAGOS - Pregrado - Estudiantes en programas educativos de calidad,78,2020-2021,CULAGOS,Pregrado,Estudiantes en programas educativos de calidad,1505,544,961,
122 Estudiantes en PEC -79 - 2020-2021 - CUTONAL  - Pregrado - Estudiantes en programas educativos de calidad,79,2020-2021,CUTONAL ,Pregrado,Estudiantes en programas educativos de calidad,7454,3445,4009,
122 Estudiantes en PEC -80 - 2020-2021 - SUV - Pregrado - Estudiantes en programas educativos de calidad,80,2020-2021,SUV,Pregrado,Estudiantes en programas educativos de calidad,3386,1482,1904,
122 Estudiantes en PEC -81 - 2020-2021 - CUCEA - Pregrado - Estudiantes en programas educativos evaluables,81,2020-2021,CUCEA,Pregrado,Estudiantes en programas educativos evaluables,19152,8547,10605,
122 Estudiantes en PEC -82 - 2020-2021 - CUCEI - Pregrado - Estudiantes en programas educativos evaluables,82,2020-2021,CUCEI,Pregrado,Estudiantes en programas educativos evaluables,16305,11700,4605,
122 Estudiantes en PEC -83 - 2020-2021 - CUCSH - Pregrado - Estudiantes en programas educativos evaluables,83,2020-2021,CUCSH,Pregrado,Estudiantes en programas educativos evaluables,11912,5074,6838,
122 Estudiantes en PEC -84 - 2020-2021 - CUCS - Pregrado - Estudiantes en programas educativos evaluables,84,2020-2021,CUCS,Pregrado,Estudiantes en programas educativos evaluables,14736,4988,9748,
122 Estudiantes en PEC -85 - 2020-2021 - CUAAD - Pregrado - Estudiantes en programas educativos evaluables,85,2020-2021,CUAAD,Pregrado,Estudiantes en programas educativos evaluables,7233,3156,4077,
122 Estudiantes en PEC -86 - 2020-2021 - CUCBA - Pregrado - Estudiantes en programas educativos evaluables,86,2020-2021,CUCBA,Pregrado,Estudiantes en programas educativos evaluables,6967,3319,3648,
122 Estudiantes en PEC -87 - 2020-2021 - CUALTOS - Pregrado - Estudiantes en programas educativos evaluables,87,2020-2021,CUALTOS,Pregrado,Estudiantes en programas educativos evaluables,4026,1479,2547,
122 Estudiantes en PEC -88 - 2020-2021 - CUCI NEGA - Pregrado - Estudiantes en programas educativos evaluables,88,2020-2021,CUCI NEGA,Pregrado,Estudiantes en programas educativos evaluables,6112,2814,3298,
122 Estudiantes en PEC -89 - 2020-2021 - CUSUR - Pregrado - Estudiantes en programas educativos evaluables,89,2020-2021,CUSUR,Pregrado,Estudiantes en programas educativos evaluables,6727,2490,4237,
122 Estudiantes en PEC -90 - 2020-2021 - CUCOSTA - Pregrado - Estudiantes en programas educativos evaluables,90,2020-2021,CUCOSTA,Pregrado,Estudiantes en programas educativos evaluables,6147,2922,3225,
122 Estudiantes en PEC -91 - 2020-2021 - CUCOSTASUR - Pregrado - Estudiantes en programas educativos evaluables,91,2020-2021,CUCOSTASUR,Pregrado,Estudiantes en programas educativos evaluables,4214,2168,2046,
122 Estudiantes en PEC -92 - 2020-2021 - CUVALLES - Pregrado - Estudiantes en programas educativos evaluables,92,2020-2021,CUVALLES,Pregrado,Estudiantes en programas educativos evaluables,3639,1547,2092,
122 Estudiantes en PEC -93 - 2020-2021 - CUNORTE - Pregrado - Estudiantes en programas educativos evaluables,93,2020-2021,CUNORTE,Pregrado,Estudiantes en programas educativos evaluables,3354,1282,2072,
122 Estudiantes en PEC -94 - 2020-2021 - CULAGOS - Pregrado - Estudiantes en programas educativos evaluables,94,2020-2021,CULAGOS,Pregrado,Estudiantes en programas educativos evaluables,2905,1417,1488,
122 Estudiantes en PEC -95 - 2020-2021 - CUTONAL  - Pregrado - Estudiantes en programas educativos evaluables,95,2020-2021,CUTONAL ,Pregrado,Estudiantes en programas educativos evaluables,7454,3445,4009,
122 Estudiantes en PEC -96 - 2020-2021 - SUV - Pregrado - Estudiantes en programas educativos evaluables,96,2020-2021,SUV,Pregrado,Estudiantes en programas educativos evaluables,3386,1482,1904,
122 Estudiantes en PEC -97 - 2021-2022 - CUCEA - Pregrado - Estudiantes en programas educativos de calidad,97,2021-2022,CUCEA,Pregrado,Estudiantes en programas educativos de calidad,19555,8611,10944,
122 Estudiantes en PEC -98 - 2021-2022 - CUCEI - Pregrado - Estudiantes en programas educativos de calidad,98,2021-2022,CUCEI,Pregrado,Estudiantes en programas educativos de calidad,16697,11884,4813,
122 Estudiantes en PEC -99 - 2021-2022 - CUCSH - Pregrado - Estudiantes en programas educativos de calidad,99,2021-2022,CUCSH,Pregrado,Estudiantes en programas educativos de calidad,11951,4811,7140,
122 Estudiantes en PEC -100 - 2021-2022 - CUCS - Pregrado - Estudiantes en programas educativos de calidad,100,2021-2022,CUCS,Pregrado,Estudiantes en programas educativos de calidad,14747,4769,9978,
122 Estudiantes en PEC -101 - 2021-2022 - CUAAD - Pregrado - Estudiantes en programas educativos de calidad,101,2021-2022,CUAAD,Pregrado,Estudiantes en programas educativos de calidad,5826,2515,3311,
122 Estudiantes en PEC -102 - 2021-2022 - CUCBA - Pregrado - Estudiantes en programas educativos de calidad,102,2021-2022,CUCBA,Pregrado,Estudiantes en programas educativos de calidad,6459,2836,3623,
122 Estudiantes en PEC -103 - 2021-2022 - CUALTOS - Pregrado - Estudiantes en programas educativos de calidad,103,2021-2022,CUALTOS,Pregrado,Estudiantes en programas educativos de calidad,4073,1413,2660,
122 Estudiantes en PEC -104 - 2021-2022 - CUCI NEGA - Pregrado - Estudiantes en programas educativos de calidad,104,2021-2022,CUCI NEGA,Pregrado,Estudiantes en programas educativos de calidad,4895,2239,2656,
122 Estudiantes en PEC -105 - 2021-2022 - CUSUR - Pregrado - Estudiantes en programas educativos de calidad,105,2021-2022,CUSUR,Pregrado,Estudiantes en programas educativos de calidad,6158,2071,4087,
122 Estudiantes en PEC -106 - 2021-2022 - CUCOSTA - Pregrado - Estudiantes en programas educativos de calidad,106,2021-2022,CUCOSTA,Pregrado,Estudiantes en programas educativos de calidad,6141,2855,3286,
122 Estudiantes en PEC -107 - 2021-2022 - CUCOSTASUR - Pregrado - Estudiantes en programas educativos de calidad,107,2021-2022,CUCOSTASUR,Pregrado,Estudiantes en programas educativos de calidad,3901,1877,2024,
122 Estudiantes en PEC -108 - 2021-2022 - CUVALLES - Pregrado - Estudiantes en programas educativos de calidad,108,2021-2022,CUVALLES,Pregrado,Estudiantes en programas educativos de calidad,3741,1546,2195,
122 Estudiantes en PEC -109 - 2021-2022 - CUNORTE - Pregrado - Estudiantes en programas educativos de calidad,109,2021-2022,CUNORTE,Pregrado,Estudiantes en programas educativos de calidad,3207,1288,1919,
122 Estudiantes en PEC -110 - 2021-2022 - CULAGOS - Pregrado - Estudiantes en programas educativos de calidad,110,2021-2022,CULAGOS,Pregrado,Estudiantes en programas educativos de calidad,2307,1052,1255,
122 Estudiantes en PEC -111 - 2021-2022 - CUTONAL  - Pregrado - Estudiantes en programas educativos de calidad,111,2021-2022,CUTONAL ,Pregrado,Estudiantes en programas educativos de calidad,6207,2702,3505,
122 Estudiantes en PEC -112 - 2021-2022 - SUV - Pregrado - Estudiantes en programas educativos de calidad,112,2021-2022,SUV,Pregrado,Estudiantes en programas educativos de calidad,3533,1499,2034,
122 Estudiantes en PEC -113 - 2021-2022 - CUCEA - Pregrado - Estudiantes en programas educativos evaluables,113,2021-2022,CUCEA,Pregrado,Estudiantes en programas educativos evaluables,19555,8611,10944,
122 Estudiantes en PEC -114 - 2021-2022 - CUCEI - Pregrado - Estudiantes en programas educativos evaluables,114,2021-2022,CUCEI,Pregrado,Estudiantes en programas educativos evaluables,17475,12475,5000,
122 Estudiantes en PEC -115 - 2021-2022 - CUCSH - Pregrado - Estudiantes en programas educativos evaluables,115,2021-2022,CUCSH,Pregrado,Estudiantes en programas educativos evaluables,11951,4811,7140,
122 Estudiantes en PEC -116 - 2021-2022 - CUCS - Pregrado - Estudiantes en programas educativos evaluables,116,2021-2022,CUCS,Pregrado,Estudiantes en programas educativos evaluables,14747,4769,9978,
122 Estudiantes en PEC -117 - 2021-2022 - CUAAD - Pregrado - Estudiantes en programas educativos evaluables,117,2021-2022,CUAAD,Pregrado,Estudiantes en programas educativos evaluables,7311,3070,4241,
122 Estudiantes en PEC -118 - 2021-2022 - CUCBA - Pregrado - Estudiantes en programas educativos evaluables,118,2021-2022,CUCBA,Pregrado,Estudiantes en programas educativos evaluables,6459,2836,3623,
122 Estudiantes en PEC -119 - 2021-2022 - CUALTOS - Pregrado - Estudiantes en programas educativos evaluables,119,2021-2022,CUALTOS,Pregrado,Estudiantes en programas educativos evaluables,4073,1413,2660,
122 Estudiantes en PEC -120 - 2021-2022 - CUCI NEGA - Pregrado - Estudiantes en programas educativos evaluables,120,2021-2022,CUCI NEGA,Pregrado,Estudiantes en programas educativos evaluables,5947,2621,3326,
122 Estudiantes en PEC -121 - 2021-2022 - CUSUR - Pregrado - Estudiantes en programas educativos evaluables,121,2021-2022,CUSUR,Pregrado,Estudiantes en programas educativos evaluables,6521,2267,4254,
122 Estudiantes en PEC -122 - 2021-2022 - CUCOSTA - Pregrado - Estudiantes en programas educativos evaluables,122,2021-2022,CUCOSTA,Pregrado,Estudiantes en programas educativos evaluables,6352,2911,3441,
122 Estudiantes en PEC -123 - 2021-2022 - CUCOSTASUR - Pregrado - Estudiantes en programas educativos evaluables,123,2021-2022,CUCOSTASUR,Pregrado,Estudiantes en programas educativos evaluables,3901,1877,2024,
122 Estudiantes en PEC -124 - 2021-2022 - CUVALLES - Pregrado - Estudiantes en programas educativos evaluables,124,2021-2022,CUVALLES,Pregrado,Estudiantes en programas educativos evaluables,3741,1546,2195,
122 Estudiantes en PEC -125 - 2021-2022 - CUNORTE - Pregrado - Estudiantes en programas educativos evaluables,125,2021-2022,CUNORTE,Pregrado,Estudiantes en programas educativos evaluables,3279,1308,1971,
122 Estudiantes en PEC -126 - 2021-2022 - CULAGOS - Pregrado - Estudiantes en programas educativos evaluables,126,2021-2022,CULAGOS,Pregrado,Estudiantes en programas educativos evaluables,2911,1372,1539,
122 Estudiantes en PEC -127 - 2021-2022 - CUTONAL  - Pregrado - Estudiantes en programas educativos evaluables,127,2021-2022,CUTONAL ,Pregrado,Estudiantes en programas educativos evaluables,7541,3206,4335,
122 Estudiantes en PEC -128 - 2021-2022 - SUV - Pregrado - Estudiantes en programas educativos evaluables,128,2021-2022,SUV,Pregrado,Estudiantes en programas educativos evaluables,3533,1499,2034,
122 Estudiantes en PEC -129 - 2022-2023 - CUCEA - Pregrado - Estudiantes en programas educativos de calidad,129,2022-2023,CUCEA,Pregrado,Estudiantes en programas educativos de calidad,19368,8749,10619,
122 Estudiantes en PEC -130 - 2022-2023 - CUCEI - Pregrado - Estudiantes en programas educativos de calidad,130,2022-2023,CUCEI,Pregrado,Estudiantes en programas educativos de calidad,17161,12227,4934,
122 Estudiantes en PEC -131 - 2022-2023 - CUCSH - Pregrado - Estudiantes en programas educativos de calidad,131,2022-2023,CUCSH,Pregrado,Estudiantes en programas educativos de calidad,11741,4668,7073,
122 Estudiantes en PEC -132 - 2022-2023 - CUCS - Pregrado - Estudiantes en programas educativos de calidad,132,2022-2023,CUCS,Pregrado,Estudiantes en programas educativos de calidad,14704,4833,9871,
122 Estudiantes en PEC -133 - 2022-2023 - CUAAD - Pregrado - Estudiantes en programas educativos de calidad,133,2022-2023,CUAAD,Pregrado,Estudiantes en programas educativos de calidad,5782,2470,3312,
122 Estudiantes en PEC -134 - 2022-2023 - CUCBA - Pregrado - Estudiantes en programas educativos de calidad,134,2022-2023,CUCBA,Pregrado,Estudiantes en programas educativos de calidad,6958,3129,3829,
122 Estudiantes en PEC -135 - 2022-2023 - CUALTOS - Pregrado - Estudiantes en programas educativos de calidad,135,2022-2023,CUALTOS,Pregrado,Estudiantes en programas educativos de calidad,4114,1427,2687,
122 Estudiantes en PEC -136 - 2022-2023 - CUCI NEGA - Pregrado - Estudiantes en programas educativos de calidad,136,2022-2023,CUCI NEGA,Pregrado,Estudiantes en programas educativos de calidad,5095,2149,2946,
122 Estudiantes en PEC -137 - 2022-2023 - CUSUR - Pregrado - Estudiantes en programas educativos de calidad,137,2022-2023,CUSUR,Pregrado,Estudiantes en programas educativos de calidad,5965,1999,3966,
122 Estudiantes en PEC -138 - 2022-2023 - CUCOSTA - Pregrado - Estudiantes en programas educativos de calidad,138,2022-2023,CUCOSTA,Pregrado,Estudiantes en programas educativos de calidad,5312,2600,2712,
122 Estudiantes en PEC -139 - 2022-2023 - CUCOSTASUR - Pregrado - Estudiantes en programas educativos de calidad,139,2022-2023,CUCOSTASUR,Pregrado,Estudiantes en programas educativos de calidad,3588,1712,1876,
122 Estudiantes en PEC -140 - 2022-2023 - CUVALLES - Pregrado - Estudiantes en programas educativos de calidad,140,2022-2023,CUVALLES,Pregrado,Estudiantes en programas educativos de calidad,3759,1597,2162,
122 Estudiantes en PEC -141 - 2022-2023 - CUNORTE - Pregrado - Estudiantes en programas educativos de calidad,141,2022-2023,CUNORTE,Pregrado,Estudiantes en programas educativos de calidad,3051,1249,1802,
122 Estudiantes en PEC -142 - 2022-2023 - CULAGOS - Pregrado - Estudiantes en programas educativos de calidad,142,2022-2023,CULAGOS,Pregrado,Estudiantes en programas educativos de calidad,2091,969,1122,
122 Estudiantes en PEC -143 - 2022-2023 - CUTONAL  - Pregrado - Estudiantes en programas educativos de calidad,143,2022-2023,CUTONAL ,Pregrado,Estudiantes en programas educativos de calidad,6479,2949,3530,
122 Estudiantes en PEC -144 - 2022-2023 - SUV - Pregrado - Estudiantes en programas educativos de calidad,144,2022-2023,SUV,Pregrado,Estudiantes en programas educativos de calidad,3456,1449,2007,
122 Estudiantes en PEC -145 - 2022-2023 - CUCEA - Pregrado - Estudiantes en programas educativos evaluables,145,2022-2023,CUCEA,Pregrado,Estudiantes en programas educativos evaluables,19368,8749,10619,
122 Estudiantes en PEC -146 - 2022-2023 - CUCEI - Pregrado - Estudiantes en programas educativos evaluables,146,2022-2023,CUCEI,Pregrado,Estudiantes en programas educativos evaluables,17846,12781,5065,
122 Estudiantes en PEC -147 - 2022-2023 - CUCSH - Pregrado - Estudiantes en programas educativos evaluables,147,2022-2023,CUCSH,Pregrado,Estudiantes en programas educativos evaluables,11741,4668,7073,
122 Estudiantes en PEC -148 - 2022-2023 - CUCS - Pregrado - Estudiantes en programas educativos evaluables,148,2022-2023,CUCS,Pregrado,Estudiantes en programas educativos evaluables,14945,4892,10053,
122 Estudiantes en PEC -149 - 2022-2023 - CUAAD - Pregrado - Estudiantes en programas educativos evaluables,149,2022-2023,CUAAD,Pregrado,Estudiantes en programas educativos evaluables,7267,3021,4246,
122 Estudiantes en PEC -150 - 2022-2023 - CUCBA - Pregrado - Estudiantes en programas educativos evaluables,150,2022-2023,CUCBA,Pregrado,Estudiantes en programas educativos evaluables,6958,3129,3829,
122 Estudiantes en PEC -151 - 2022-2023 - CUALTOS - Pregrado - Estudiantes en programas educativos evaluables,151,2022-2023,CUALTOS,Pregrado,Estudiantes en programas educativos evaluables,4114,1427,2687,
122 Estudiantes en PEC -152 - 2022-2023 - CUCI NEGA - Pregrado - Estudiantes en programas educativos evaluables,152,2022-2023,CUCI NEGA,Pregrado,Estudiantes en programas educativos evaluables,5643,2533,3110,
122 Estudiantes en PEC -153 - 2022-2023 - CUSUR - Pregrado - Estudiantes en programas educativos evaluables,153,2022-2023,CUSUR,Pregrado,Estudiantes en programas educativos evaluables,6168,2123,4045,
122 Estudiantes en PEC -154 - 2022-2023 - CUCOSTA - Pregrado - Estudiantes en programas educativos evaluables,154,2022-2023,CUCOSTA,Pregrado,Estudiantes en programas educativos evaluables,6061,2756,3305,
122 Estudiantes en PEC -155 - 2022-2023 - CUCOSTASUR - Pregrado - Estudiantes en programas educativos evaluables,155,2022-2023,CUCOSTASUR,Pregrado,Estudiantes en programas educativos evaluables,3588,1712,1876,
122 Estudiantes en PEC -156 - 2022-2023 - CUVALLES - Pregrado - Estudiantes en programas educativos evaluables,156,2022-2023,CUVALLES,Pregrado,Estudiantes en programas educativos evaluables,3759,1597,2162,
122 Estudiantes en PEC -157 - 2022-2023 - CUNORTE - Pregrado - Estudiantes en programas educativos evaluables,157,2022-2023,CUNORTE,Pregrado,Estudiantes en programas educativos evaluables,3051,1249,1802,
122 Estudiantes en PEC -158 - 2022-2023 - CULAGOS - Pregrado - Estudiantes en programas educativos evaluables,158,2022-2023,CULAGOS,Pregrado,Estudiantes en programas educativos evaluables,2406,1179,1227,
122 Estudiantes en PEC -159 - 2022-2023 - CUTONAL  - Pregrado - Estudiantes en programas educativos evaluables,159,2022-2023,CUTONAL ,Pregrado,Estudiantes en programas educativos evaluables,7842,3462,4380,
122 Estudiantes en PEC -160 - 2022-2023 - SUV - Pregrado - Estudiantes en programas educativos evaluables,160,2022-2023,SUV,Pregrado,Estudiantes en programas educativos evaluables,3456,1449,2007,
122 Estudiantes en PEC -161 - 2023-2024 - CUCEA - Pregrado - Estudiantes en programas educativos de calidad,161,2023-2024,CUCEA,Pregrado,Estudiantes en programas educativos de calidad,19452,8837,10615,
122 Estudiantes en PEC -162 - 2023-2024 - CUCEI - Pregrado - Estudiantes en programas educativos de calidad,162,2023-2024,CUCEI,Pregrado,Estudiantes en programas educativos de calidad,17534,12459,5075,
122 Estudiantes en PEC -163 - 2023-2024 - CUCSH - Pregrado - Estudiantes en programas educativos de calidad,163,2023-2024,CUCSH,Pregrado,Estudiantes en programas educativos de calidad,10847,4362,6485,
122 Estudiantes en PEC -164 - 2023-2024 - CUCS - Pregrado - Estudiantes en programas educativos de calidad,164,2023-2024,CUCS,Pregrado,Estudiantes en programas educativos de calidad,15216,5015,10201,
122 Estudiantes en PEC -165 - 2023-2024 - CUAAD - Pregrado - Estudiantes en programas educativos de calidad,165,2023-2024,CUAAD,Pregrado,Estudiantes en programas educativos de calidad,6159,2587,3572,
122 Estudiantes en PEC -166 - 2023-2024 - CUCBA - Pregrado - Estudiantes en programas educativos de calidad,166,2023-2024,CUCBA,Pregrado,Estudiantes en programas educativos de calidad,6973,3159,3814,
122 Estudiantes en PEC -167 - 2023-2024 - CUALTOS - Pregrado - Estudiantes en programas educativos de calidad,167,2023-2024,CUALTOS,Pregrado,Estudiantes en programas educativos de calidad,4277,1511,2766,
122 Estudiantes en PEC -168 - 2023-2024 - CUCI NEGA - Pregrado - Estudiantes en programas educativos de calidad,168,2023-2024,CUCI NEGA,Pregrado,Estudiantes en programas educativos de calidad,5032,2084,2948,
122 Estudiantes en PEC -169 - 2023-2024 - CUSUR - Pregrado - Estudiantes en programas educativos de calidad,169,2023-2024,CUSUR,Pregrado,Estudiantes en programas educativos de calidad,6297,2204,4093,
122 Estudiantes en PEC -170 - 2023-2024 - CUCOSTA - Pregrado - Estudiantes en programas educativos de calidad,170,2023-2024,CUCOSTA,Pregrado,Estudiantes en programas educativos de calidad,6106,2844,3262,
122 Estudiantes en PEC -171 - 2023-2024 - CUCOSTASUR - Pregrado - Estudiantes en programas educativos de calidad,171,2023-2024,CUCOSTASUR,Pregrado,Estudiantes en programas educativos de calidad,3676,1731,1945,
122 Estudiantes en PEC -172 - 2023-2024 - CUVALLES - Pregrado - Estudiantes en programas educativos de calidad,172,2023-2024,CUVALLES,Pregrado,Estudiantes en programas educativos de calidad,4118,1680,2438,
122 Estudiantes en PEC -173 - 2023-2024 - CUNORTE - Pregrado - Estudiantes en programas educativos de calidad,173,2023-2024,CUNORTE,Pregrado,Estudiantes en programas educativos de calidad,3208,1214,1994,
122 Estudiantes en PEC -174 - 2023-2024 - CULAGOS - Pregrado - Estudiantes en programas educativos de calidad,174,2023-2024,CULAGOS,Pregrado,Estudiantes en programas educativos de calidad,2318,1073,1245,
122 Estudiantes en PEC -175 - 2023-2024 - CUTONAL  - Pregrado - Estudiantes en programas educativos de calidad,175,2023-2024,CUTONAL ,Pregrado,Estudiantes en programas educativos de calidad,8005,3432,4573,
122 Estudiantes en PEC -176 - 2023-2024 - SUV - Pregrado - Estudiantes en programas educativos de calidad,176,2023-2024,SUV,Pregrado,Estudiantes en programas educativos de calidad,3312,1348,1964,
122 Estudiantes en PEC -177 - 2023-2024 - CUCEA - Pregrado - Estudiantes en programas educativos evaluables,177,2023-2024,CUCEA,Pregrado,Estudiantes en programas educativos evaluables,19452,8837,10615,
122 Estudiantes en PEC -178 - 2023-2024 - CUCEI - Pregrado - Estudiantes en programas educativos evaluables,178,2023-2024,CUCEI,Pregrado,Estudiantes en programas educativos evaluables,17534,12459,5075,
122 Estudiantes en PEC -179 - 2023-2024 - CUCSH - Pregrado - Estudiantes en programas educativos evaluables,179,2023-2024,CUCSH,Pregrado,Estudiantes en programas educativos evaluables,11335,4534,6801,
122 Estudiantes en PEC -180 - 2023-2024 - CUCS - Pregrado - Estudiantes en programas educativos evaluables,180,2023-2024,CUCS,Pregrado,Estudiantes en programas educativos evaluables,15216,5015,10201,
122 Estudiantes en PEC -181 - 2023-2024 - CUAAD - Pregrado - Estudiantes en programas educativos evaluables,181,2023-2024,CUAAD,Pregrado,Estudiantes en programas educativos evaluables,7198,2940,4258,
122 Estudiantes en PEC -182 - 2023-2024 - CUCBA - Pregrado - Estudiantes en programas educativos evaluables,182,2023-2024,CUCBA,Pregrado,Estudiantes en programas educativos evaluables,6973,3159,3814,
122 Estudiantes en PEC -183 - 2023-2024 - CUALTOS - Pregrado - Estudiantes en programas educativos evaluables,183,2023-2024,CUALTOS,Pregrado,Estudiantes en programas educativos evaluables,4277,1511,2766,
122 Estudiantes en PEC -184 - 2023-2024 - CUCI NEGA - Pregrado - Estudiantes en programas educativos evaluables,184,2023-2024,CUCI NEGA,Pregrado,Estudiantes en programas educativos evaluables,5583,2468,3115,
122 Estudiantes en PEC -185 - 2023-2024 - CUSUR - Pregrado - Estudiantes en programas educativos evaluables,185,2023-2024,CUSUR,Pregrado,Estudiantes en programas educativos evaluables,6514,2336,4178,
122 Estudiantes en PEC -186 - 2023-2024 - CUCOSTA - Pregrado - Estudiantes en programas educativos evaluables,186,2023-2024,CUCOSTA,Pregrado,Estudiantes en programas educativos evaluables,6318,2899,3419,
122 Estudiantes en PEC -187 - 2023-2024 - CUCOSTASUR - Pregrado - Estudiantes en programas educativos evaluables,187,2023-2024,CUCOSTASUR,Pregrado,Estudiantes en programas educativos evaluables,3676,1731,1945,
122 Estudiantes en PEC -188 - 2023-2024 - CUVALLES - Pregrado - Estudiantes en programas educativos evaluables,188,2023-2024,CUVALLES,Pregrado,Estudiantes en programas educativos evaluables,4118,1680,2438,
122 Estudiantes en PEC -189 - 2023-2024 - CUNORTE - Pregrado - Estudiantes en programas educativos evaluables,189,2023-2024,CUNORTE,Pregrado,Estudiantes en programas educativos evaluables,3208,1214,1994,
122 Estudiantes en PEC -190 - 2023-2024 - CULAGOS - Pregrado - Estudiantes en programas educativos evaluables,190,2023-2024,CULAGOS,Pregrado,Estudiantes en programas educativos evaluables,2611,1173,1438,
122 Estudiantes en PEC -191 - 2023-2024 - CUTONAL  - Pregrado - Estudiantes en programas educativos evaluables,191,2023-2024,CUTONAL ,Pregrado,Estudiantes en programas educativos evaluables,8005,3432,4573,
122 Estudiantes en PEC -192 - 2023-2024 - SUV - Pregrado - Estudiantes en programas educativos evaluables,192,2023-2024,SUV,Pregrado,Estudiantes en programas educativos evaluables,3312,1348,1964,
122 Estudiantes en PEC -193 - 2018-2019 - CUCEA - Posgrado - Estudiantes en programas educativos de calidad,193,2018-2019,CUCEA,Posgrado,Estudiantes en programas educativos de calidad,790,447,343,
122 Estudiantes en PEC -194 - 2018-2019 - CUCEI - Posgrado - Estudiantes en programas educativos de calidad,194,2018-2019,CUCEI,Posgrado,Estudiantes en programas educativos de calidad,288,204,84,
122 Estudiantes en PEC -195 - 2018-2019 - CUCSH - Posgrado - Estudiantes en programas educativos de calidad,195,2018-2019,CUCSH,Posgrado,Estudiantes en programas educativos de calidad,495,245,250,
122 Estudiantes en PEC -196 - 2018-2019 - CUCS - Posgrado - Estudiantes en programas educativos de calidad,196,2018-2019,CUCS,Posgrado,Estudiantes en programas educativos de calidad,1979,1019,960,
122 Estudiantes en PEC -197 - 2018-2019 - CUAAD - Posgrado - Estudiantes en programas educativos de calidad,197,2018-2019,CUAAD,Posgrado,Estudiantes en programas educativos de calidad,142,68,74,
122 Estudiantes en PEC -198 - 2018-2019 - CUCBA - Posgrado - Estudiantes en programas educativos de calidad,198,2018-2019,CUCBA,Posgrado,Estudiantes en programas educativos de calidad,222,115,107,
122 Estudiantes en PEC -199 - 2018-2019 - CUALTOS - Posgrado - Estudiantes en programas educativos de calidad,199,2018-2019,CUALTOS,Posgrado,Estudiantes en programas educativos de calidad,48,21,27,
122 Estudiantes en PEC -200 - 2018-2019 - CUCI NEGA - Posgrado - Estudiantes en programas educativos de calidad,200,2018-2019,CUCI NEGA,Posgrado,Estudiantes en programas educativos de calidad,15,9,6,
122 Estudiantes en PEC -201 - 2018-2019 - CUSUR - Posgrado - Estudiantes en programas educativos de calidad,201,2018-2019,CUSUR,Posgrado,Estudiantes en programas educativos de calidad,88,30,58,
122 Estudiantes en PEC -202 - 2018-2019 - CUCOSTA - Posgrado - Estudiantes en programas educativos de calidad,202,2018-2019,CUCOSTA,Posgrado,Estudiantes en programas educativos de calidad,118,55,63,
122 Estudiantes en PEC -203 - 2018-2019 - CUCOSTASUR - Posgrado - Estudiantes en programas educativos de calidad,203,2018-2019,CUCOSTASUR,Posgrado,Estudiantes en programas educativos de calidad,60,28,32,
122 Estudiantes en PEC -204 - 2018-2019 - CUVALLES - Posgrado - Estudiantes en programas educativos de calidad,204,2018-2019,CUVALLES,Posgrado,Estudiantes en programas educativos de calidad,67,37,30,
122 Estudiantes en PEC -205 - 2018-2019 - CUNORTE - Posgrado - Estudiantes en programas educativos de calidad,205,2018-2019,CUNORTE,Posgrado,Estudiantes en programas educativos de calidad,0,0,0,
122 Estudiantes en PEC -206 - 2018-2019 - CULAGOS - Posgrado - Estudiantes en programas educativos de calidad,206,2018-2019,CULAGOS,Posgrado,Estudiantes en programas educativos de calidad,27,20,7,
122 Estudiantes en PEC -207 - 2018-2019 - CUTONAL  - Posgrado - Estudiantes en programas educativos de calidad,207,2018-2019,CUTONAL ,Posgrado,Estudiantes en programas educativos de calidad,38,24,14,
122 Estudiantes en PEC -208 - 2018-2019 - SUV - Posgrado - Estudiantes en programas educativos de calidad,208,2018-2019,SUV,Posgrado,Estudiantes en programas educativos de calidad,147,68,79,
122 Estudiantes en PEC -209 - 2018-2019 - CUCEA - Posgrado - Estudiantes totales,209,2018-2019,CUCEA,Posgrado,Estudiantes totales,977,562,415,
122 Estudiantes en PEC -210 - 2018-2019 - CUCEI - Posgrado - Estudiantes totales,210,2018-2019,CUCEI,Posgrado,Estudiantes totales,302,216,86,
122 Estudiantes en PEC -211 - 2018-2019 - CUCSH - Posgrado - Estudiantes totales,211,2018-2019,CUCSH,Posgrado,Estudiantes totales,525,263,262,
122 Estudiantes en PEC -212 - 2018-2019 - CUCS - Posgrado - Estudiantes totales,212,2018-2019,CUCS,Posgrado,Estudiantes totales,3203,1543,1660,
122 Estudiantes en PEC -213 - 2018-2019 - CUAAD - Posgrado - Estudiantes totales,213,2018-2019,CUAAD,Posgrado,Estudiantes totales,194,93,101,
122 Estudiantes en PEC -214 - 2018-2019 - CUCBA - Posgrado - Estudiantes totales,214,2018-2019,CUCBA,Posgrado,Estudiantes totales,244,127,117,
122 Estudiantes en PEC -215 - 2018-2019 - CUALTOS - Posgrado - Estudiantes totales,215,2018-2019,CUALTOS,Posgrado,Estudiantes totales,66,34,32,
122 Estudiantes en PEC -216 - 2018-2019 - CUCI NEGA - Posgrado - Estudiantes totales,216,2018-2019,CUCI NEGA,Posgrado,Estudiantes totales,43,27,16,
122 Estudiantes en PEC -217 - 2018-2019 - CUSUR - Posgrado - Estudiantes totales,217,2018-2019,CUSUR,Posgrado,Estudiantes totales,118,41,77,
122 Estudiantes en PEC -218 - 2018-2019 - CUCOSTA - Posgrado - Estudiantes totales,218,2018-2019,CUCOSTA,Posgrado,Estudiantes totales,118,55,63,
122 Estudiantes en PEC -219 - 2018-2019 - CUCOSTASUR - Posgrado - Estudiantes totales,219,2018-2019,CUCOSTASUR,Posgrado,Estudiantes totales,144,77,67,
122 Estudiantes en PEC -220 - 2018-2019 - CUVALLES - Posgrado - Estudiantes totales,220,2018-2019,CUVALLES,Posgrado,Estudiantes totales,77,46,31,
122 Estudiantes en PEC -221 - 2018-2019 - CUNORTE - Posgrado - Estudiantes totales,221,2018-2019,CUNORTE,Posgrado,Estudiantes totales,241,121,120,
122 Estudiantes en PEC -222 - 2018-2019 - CULAGOS - Posgrado - Estudiantes totales,222,2018-2019,CULAGOS,Posgrado,Estudiantes totales,27,20,7,
122 Estudiantes en PEC -223 - 2018-2019 - CUTONAL  - Posgrado - Estudiantes totales,223,2018-2019,CUTONAL ,Posgrado,Estudiantes totales,114,83,31,
122 Estudiantes en PEC -224 - 2018-2019 - SUV - Posgrado - Estudiantes totales,224,2018-2019,SUV,Posgrado,Estudiantes totales,323,174,149,
122 Estudiantes en PEC -225 - 2019-2020 - CUCEA - Posgrado - Estudiantes en programas educativos de calidad,225,2019-2020,CUCEA,Posgrado,Estudiantes en programas educativos de calidad,793,446,347,
122 Estudiantes en PEC -226 - 2019-2020 - CUCEI - Posgrado - Estudiantes en programas educativos de calidad,226,2019-2020,CUCEI,Posgrado,Estudiantes en programas educativos de calidad,315,228,87,
122 Estudiantes en PEC -227 - 2019-2020 - CUCSH - Posgrado - Estudiantes en programas educativos de calidad,227,2019-2020,CUCSH,Posgrado,Estudiantes en programas educativos de calidad,460,230,230,
122 Estudiantes en PEC -228 - 2019-2020 - CUCS - Posgrado - Estudiantes en programas educativos de calidad,228,2019-2020,CUCS,Posgrado,Estudiantes en programas educativos de calidad,1781,905,876,
122 Estudiantes en PEC -229 - 2019-2020 - CUAAD - Posgrado - Estudiantes en programas educativos de calidad,229,2019-2020,CUAAD,Posgrado,Estudiantes en programas educativos de calidad,207,96,111,
122 Estudiantes en PEC -230 - 2019-2020 - CUCBA - Posgrado - Estudiantes en programas educativos de calidad,230,2019-2020,CUCBA,Posgrado,Estudiantes en programas educativos de calidad,230,128,102,
122 Estudiantes en PEC -231 - 2019-2020 - CUALTOS - Posgrado - Estudiantes en programas educativos de calidad,231,2019-2020,CUALTOS,Posgrado,Estudiantes en programas educativos de calidad,48,18,30,
122 Estudiantes en PEC -232 - 2019-2020 - CUCI NEGA - Posgrado - Estudiantes en programas educativos de calidad,232,2019-2020,CUCI NEGA,Posgrado,Estudiantes en programas educativos de calidad,8,5,3,
122 Estudiantes en PEC -233 - 2019-2020 - CUSUR - Posgrado - Estudiantes en programas educativos de calidad,233,2019-2020,CUSUR,Posgrado,Estudiantes en programas educativos de calidad,103,42,61,
122 Estudiantes en PEC -234 - 2019-2020 - CUCOSTA - Posgrado - Estudiantes en programas educativos de calidad,234,2019-2020,CUCOSTA,Posgrado,Estudiantes en programas educativos de calidad,132,63,69,
122 Estudiantes en PEC -235 - 2019-2020 - CUCOSTASUR - Posgrado - Estudiantes en programas educativos de calidad,235,2019-2020,CUCOSTASUR,Posgrado,Estudiantes en programas educativos de calidad,80,33,47,
122 Estudiantes en PEC -236 - 2019-2020 - CUVALLES - Posgrado - Estudiantes en programas educativos de calidad,236,2019-2020,CUVALLES,Posgrado,Estudiantes en programas educativos de calidad,81,41,40,
122 Estudiantes en PEC -237 - 2019-2020 - CUNORTE - Posgrado - Estudiantes en programas educativos de calidad,237,2019-2020,CUNORTE,Posgrado,Estudiantes en programas educativos de calidad,0,0,0,
122 Estudiantes en PEC -238 - 2019-2020 - CULAGOS - Posgrado - Estudiantes en programas educativos de calidad,238,2019-2020,CULAGOS,Posgrado,Estudiantes en programas educativos de calidad,26,21,5,
122 Estudiantes en PEC -239 - 2019-2020 - CUTONAL  - Posgrado - Estudiantes en programas educativos de calidad,239,2019-2020,CUTONAL ,Posgrado,Estudiantes en programas educativos de calidad,52,37,15,
122 Estudiantes en PEC -240 - 2019-2020 - SUV - Posgrado - Estudiantes en programas educativos de calidad,240,2019-2020,SUV,Posgrado,Estudiantes en programas educativos de calidad,175,73,102,
122 Estudiantes en PEC -241 - 2019-2020 - CUCEA - Posgrado - Estudiantes totales,241,2019-2020,CUCEA,Posgrado,Estudiantes totales,948,534,414,
122 Estudiantes en PEC -242 - 2019-2020 - CUCEI - Posgrado - Estudiantes totales,242,2019-2020,CUCEI,Posgrado,Estudiantes totales,323,235,88,
122 Estudiantes en PEC -243 - 2019-2020 - CUCSH - Posgrado - Estudiantes totales,243,2019-2020,CUCSH,Posgrado,Estudiantes totales,466,235,231,
122 Estudiantes en PEC -244 - 2019-2020 - CUCS - Posgrado - Estudiantes totales,244,2019-2020,CUCS,Posgrado,Estudiantes totales,2902,1370,1532,
122 Estudiantes en PEC -245 - 2019-2020 - CUAAD - Posgrado - Estudiantes totales,245,2019-2020,CUAAD,Posgrado,Estudiantes totales,271,128,143,
122 Estudiantes en PEC -246 - 2019-2020 - CUCBA - Posgrado - Estudiantes totales,246,2019-2020,CUCBA,Posgrado,Estudiantes totales,247,138,109,
122 Estudiantes en PEC -247 - 2019-2020 - CUALTOS - Posgrado - Estudiantes totales,247,2019-2020,CUALTOS,Posgrado,Estudiantes totales,82,43,39,
122 Estudiantes en PEC -248 - 2019-2020 - CUCI NEGA - Posgrado - Estudiantes totales,248,2019-2020,CUCI NEGA,Posgrado,Estudiantes totales,29,17,12,
122 Estudiantes en PEC -249 - 2019-2020 - CUSUR - Posgrado - Estudiantes totales,249,2019-2020,CUSUR,Posgrado,Estudiantes totales,139,61,78,
122 Estudiantes en PEC -250 - 2019-2020 - CUCOSTA - Posgrado - Estudiantes totales,250,2019-2020,CUCOSTA,Posgrado,Estudiantes totales,153,72,81,
122 Estudiantes en PEC -251 - 2019-2020 - CUCOSTASUR - Posgrado - Estudiantes totales,251,2019-2020,CUCOSTASUR,Posgrado,Estudiantes totales,165,84,81,
122 Estudiantes en PEC -252 - 2019-2020 - CUVALLES - Posgrado - Estudiantes totales,252,2019-2020,CUVALLES,Posgrado,Estudiantes totales,97,56,41,
122 Estudiantes en PEC -253 - 2019-2020 - CUNORTE - Posgrado - Estudiantes totales,253,2019-2020,CUNORTE,Posgrado,Estudiantes totales,193,108,85,
122 Estudiantes en PEC -254 - 2019-2020 - CULAGOS - Posgrado - Estudiantes totales,254,2019-2020,CULAGOS,Posgrado,Estudiantes totales,29,24,5,
122 Estudiantes en PEC -255 - 2019-2020 - CUTONAL  - Posgrado - Estudiantes totales,255,2019-2020,CUTONAL ,Posgrado,Estudiantes totales,199,139,60,
122 Estudiantes en PEC -256 - 2019-2020 - SUV - Posgrado - Estudiantes totales,256,2019-2020,SUV,Posgrado,Estudiantes totales,325,155,170,
122 Estudiantes en PEC -257 - 2020-2021 - CUCEA - Posgrado - Estudiantes en programas educativos de calidad,257,2020-2021,CUCEA,Posgrado,Estudiantes en programas educativos de calidad,842,446,396,
122 Estudiantes en PEC -258 - 2020-2021 - CUCEI - Posgrado - Estudiantes en programas educativos de calidad,258,2020-2021,CUCEI,Posgrado,Estudiantes en programas educativos de calidad,360,255,105,
122 Estudiantes en PEC -259 - 2020-2021 - CUCSH - Posgrado - Estudiantes en programas educativos de calidad,259,2020-2021,CUCSH,Posgrado,Estudiantes en programas educativos de calidad,467,227,240,
122 Estudiantes en PEC -260 - 2020-2021 - CUCS - Posgrado - Estudiantes en programas educativos de calidad,260,2020-2021,CUCS,Posgrado,Estudiantes en programas educativos de calidad,1951,1020,931,
122 Estudiantes en PEC -261 - 2020-2021 - CUAAD - Posgrado - Estudiantes en programas educativos de calidad,261,2020-2021,CUAAD,Posgrado,Estudiantes en programas educativos de calidad,190,94,96,
122 Estudiantes en PEC -262 - 2020-2021 - CUCBA - Posgrado - Estudiantes en programas educativos de calidad,262,2020-2021,CUCBA,Posgrado,Estudiantes en programas educativos de calidad,226,117,109,
122 Estudiantes en PEC -263 - 2020-2021 - CUALTOS - Posgrado - Estudiantes en programas educativos de calidad,263,2020-2021,CUALTOS,Posgrado,Estudiantes en programas educativos de calidad,70,21,49,
122 Estudiantes en PEC -264 - 2020-2021 - CUCI NEGA - Posgrado - Estudiantes en programas educativos de calidad,264,2020-2021,CUCI NEGA,Posgrado,Estudiantes en programas educativos de calidad,16,11,5,
122 Estudiantes en PEC -265 - 2020-2021 - CUSUR - Posgrado - Estudiantes en programas educativos de calidad,265,2020-2021,CUSUR,Posgrado,Estudiantes en programas educativos de calidad,99,36,63,
122 Estudiantes en PEC -266 - 2020-2021 - CUCOSTA - Posgrado - Estudiantes en programas educativos de calidad,266,2020-2021,CUCOSTA,Posgrado,Estudiantes en programas educativos de calidad,137,68,69,
122 Estudiantes en PEC -267 - 2020-2021 - CUCOSTASUR - Posgrado - Estudiantes en programas educativos de calidad,267,2020-2021,CUCOSTASUR,Posgrado,Estudiantes en programas educativos de calidad,94,43,51,
122 Estudiantes en PEC -268 - 2020-2021 - CUVALLES - Posgrado - Estudiantes en programas educativos de calidad,268,2020-2021,CUVALLES,Posgrado,Estudiantes en programas educativos de calidad,84,39,45,
122 Estudiantes en PEC -269 - 2020-2021 - CUNORTE - Posgrado - Estudiantes en programas educativos de calidad,269,2020-2021,CUNORTE,Posgrado,Estudiantes en programas educativos de calidad,0,0,0,
122 Estudiantes en PEC -270 - 2020-2021 - CULAGOS - Posgrado - Estudiantes en programas educativos de calidad,270,2020-2021,CULAGOS,Posgrado,Estudiantes en programas educativos de calidad,25,20,5,
122 Estudiantes en PEC -271 - 2020-2021 - CUTONAL  - Posgrado - Estudiantes en programas educativos de calidad,271,2020-2021,CUTONAL ,Posgrado,Estudiantes en programas educativos de calidad,73,47,26,
122 Estudiantes en PEC -272 - 2020-2021 - SUV - Posgrado - Estudiantes en programas educativos de calidad,272,2020-2021,SUV,Posgrado,Estudiantes en programas educativos de calidad,143,66,77,
122 Estudiantes en PEC -273 - 2020-2021 - CUCEA - Posgrado - Estudiantes totales,273,2020-2021,CUCEA,Posgrado,Estudiantes totales,948,514,434,
122 Estudiantes en PEC -274 - 2020-2021 - CUCEI - Posgrado - Estudiantes totales,274,2020-2021,CUCEI,Posgrado,Estudiantes totales,369,259,110,
122 Estudiantes en PEC -275 - 2020-2021 - CUCSH - Posgrado - Estudiantes totales,275,2020-2021,CUCSH,Posgrado,Estudiantes totales,481,234,247,
122 Estudiantes en PEC -276 - 2020-2021 - CUCS - Posgrado - Estudiantes totales,276,2020-2021,CUCS,Posgrado,Estudiantes totales,2874,1421,1453,
122 Estudiantes en PEC -277 - 2020-2021 - CUAAD - Posgrado - Estudiantes totales,277,2020-2021,CUAAD,Posgrado,Estudiantes totales,228,113,115,
122 Estudiantes en PEC -278 - 2020-2021 - CUCBA - Posgrado - Estudiantes totales,278,2020-2021,CUCBA,Posgrado,Estudiantes totales,243,129,114,
122 Estudiantes en PEC -279 - 2020-2021 - CUALTOS - Posgrado - Estudiantes totales,279,2020-2021,CUALTOS,Posgrado,Estudiantes totales,101,41,60,
122 Estudiantes en PEC -280 - 2020-2021 - CUCI NEGA - Posgrado - Estudiantes totales,280,2020-2021,CUCI NEGA,Posgrado,Estudiantes totales,60,39,21,
122 Estudiantes en PEC -281 - 2020-2021 - CUSUR - Posgrado - Estudiantes totales,281,2020-2021,CUSUR,Posgrado,Estudiantes totales,130,55,75,
122 Estudiantes en PEC -282 - 2020-2021 - CUCOSTA - Posgrado - Estudiantes totales,282,2020-2021,CUCOSTA,Posgrado,Estudiantes totales,179,88,91,
122 Estudiantes en PEC -283 - 2020-2021 - CUCOSTASUR - Posgrado - Estudiantes totales,283,2020-2021,CUCOSTASUR,Posgrado,Estudiantes totales,192,101,91,
122 Estudiantes en PEC -284 - 2020-2021 - CUVALLES - Posgrado - Estudiantes totales,284,2020-2021,CUVALLES,Posgrado,Estudiantes totales,98,51,47,
122 Estudiantes en PEC -285 - 2020-2021 - CUNORTE - Posgrado - Estudiantes totales,285,2020-2021,CUNORTE,Posgrado,Estudiantes totales,201,114,87,
122 Estudiantes en PEC -286 - 2020-2021 - CULAGOS - Posgrado - Estudiantes totales,286,2020-2021,CULAGOS,Posgrado,Estudiantes totales,33,24,9,
122 Estudiantes en PEC -287 - 2020-2021 - CUTONAL  - Posgrado - Estudiantes totales,287,2020-2021,CUTONAL ,Posgrado,Estudiantes totales,140,91,49,
122 Estudiantes en PEC -288 - 2020-2021 - SUV - Posgrado - Estudiantes totales,288,2020-2021,SUV,Posgrado,Estudiantes totales,362,189,173,
122 Estudiantes en PEC -289 - 2021-2022 - CUCEA - Posgrado - Estudiantes en programas educativos de calidad,289,2021-2022,CUCEA,Posgrado,Estudiantes en programas educativos de calidad,761,379,382,
122 Estudiantes en PEC -290 - 2021-2022 - CUCEI - Posgrado - Estudiantes en programas educativos de calidad,290,2021-2022,CUCEI,Posgrado,Estudiantes en programas educativos de calidad,333,206,127,
122 Estudiantes en PEC -291 - 2021-2022 - CUCSH - Posgrado - Estudiantes en programas educativos de calidad,291,2021-2022,CUCSH,Posgrado,Estudiantes en programas educativos de calidad,562,261,301,
122 Estudiantes en PEC -292 - 2021-2022 - CUCS - Posgrado - Estudiantes en programas educativos de calidad,292,2021-2022,CUCS,Posgrado,Estudiantes en programas educativos de calidad,1397,684,713,
122 Estudiantes en PEC -293 - 2021-2022 - CUAAD - Posgrado - Estudiantes en programas educativos de calidad,293,2021-2022,CUAAD,Posgrado,Estudiantes en programas educativos de calidad,262,130,132,
122 Estudiantes en PEC -294 - 2021-2022 - CUCBA - Posgrado - Estudiantes en programas educativos de calidad,294,2021-2022,CUCBA,Posgrado,Estudiantes en programas educativos de calidad,214,101,113,
122 Estudiantes en PEC -295 - 2021-2022 - CUALTOS - Posgrado - Estudiantes en programas educativos de calidad,295,2021-2022,CUALTOS,Posgrado,Estudiantes en programas educativos de calidad,64,20,44,
122 Estudiantes en PEC -296 - 2021-2022 - CUCI NEGA - Posgrado - Estudiantes en programas educativos de calidad,296,2021-2022,CUCI NEGA,Posgrado,Estudiantes en programas educativos de calidad,6,3,3,
122 Estudiantes en PEC -297 - 2021-2022 - CUSUR - Posgrado - Estudiantes en programas educativos de calidad,297,2021-2022,CUSUR,Posgrado,Estudiantes en programas educativos de calidad,83,27,56,
122 Estudiantes en PEC -298 - 2021-2022 - CUCOSTA - Posgrado - Estudiantes en programas educativos de calidad,298,2021-2022,CUCOSTA,Posgrado,Estudiantes en programas educativos de calidad,142,71,71,
122 Estudiantes en PEC -299 - 2021-2022 - CUCOSTASUR - Posgrado - Estudiantes en programas educativos de calidad,299,2021-2022,CUCOSTASUR,Posgrado,Estudiantes en programas educativos de calidad,90,45,45,
122 Estudiantes en PEC -300 - 2021-2022 - CUVALLES - Posgrado - Estudiantes en programas educativos de calidad,300,2021-2022,CUVALLES,Posgrado,Estudiantes en programas educativos de calidad,70,36,34,
122 Estudiantes en PEC -301 - 2021-2022 - CUNORTE - Posgrado - Estudiantes en programas educativos de calidad,301,2021-2022,CUNORTE,Posgrado,Estudiantes en programas educativos de calidad,0,0,0,
122 Estudiantes en PEC -302 - 2021-2022 - CULAGOS - Posgrado - Estudiantes en programas educativos de calidad,302,2021-2022,CULAGOS,Posgrado,Estudiantes en programas educativos de calidad,19,14,5,
122 Estudiantes en PEC -303 - 2021-2022 - CUTONAL  - Posgrado - Estudiantes en programas educativos de calidad,303,2021-2022,CUTONAL ,Posgrado,Estudiantes en programas educativos de calidad,86,54,32,
122 Estudiantes en PEC -304 - 2021-2022 - SUV - Posgrado - Estudiantes en programas educativos de calidad,304,2021-2022,SUV,Posgrado,Estudiantes en programas educativos de calidad,95,48,47,
122 Estudiantes en PEC -305 - 2021-2022 - CUCEA - Posgrado - Estudiantes totales,305,2021-2022,CUCEA,Posgrado,Estudiantes totales,936,492,444,
122 Estudiantes en PEC -306 - 2021-2022 - CUCEI - Posgrado - Estudiantes totales,306,2021-2022,CUCEI,Posgrado,Estudiantes totales,335,207,128,
122 Estudiantes en PEC -307 - 2021-2022 - CUCSH - Posgrado - Estudiantes totales,307,2021-2022,CUCSH,Posgrado,Estudiantes totales,573,265,308,
122 Estudiantes en PEC -308 - 2021-2022 - CUCS - Posgrado - Estudiantes totales,308,2021-2022,CUCS,Posgrado,Estudiantes totales,2012,937,1075,
122 Estudiantes en PEC -309 - 2021-2022 - CUAAD - Posgrado - Estudiantes totales,309,2021-2022,CUAAD,Posgrado,Estudiantes totales,320,160,160,
122 Estudiantes en PEC -310 - 2021-2022 - CUCBA - Posgrado - Estudiantes totales,310,2021-2022,CUCBA,Posgrado,Estudiantes totales,239,120,119,
122 Estudiantes en PEC -311 - 2021-2022 - CUALTOS - Posgrado - Estudiantes totales,311,2021-2022,CUALTOS,Posgrado,Estudiantes totales,119,57,62,
122 Estudiantes en PEC -312 - 2021-2022 - CUCI NEGA - Posgrado - Estudiantes totales,312,2021-2022,CUCI NEGA,Posgrado,Estudiantes totales,56,35,21,
122 Estudiantes en PEC -313 - 2021-2022 - CUSUR - Posgrado - Estudiantes totales,313,2021-2022,CUSUR,Posgrado,Estudiantes totales,121,44,77,
122 Estudiantes en PEC -314 - 2021-2022 - CUCOSTA - Posgrado - Estudiantes totales,314,2021-2022,CUCOSTA,Posgrado,Estudiantes totales,171,84,87,
122 Estudiantes en PEC -315 - 2021-2022 - CUCOSTASUR - Posgrado - Estudiantes totales,315,2021-2022,CUCOSTASUR,Posgrado,Estudiantes totales,159,84,75,
122 Estudiantes en PEC -316 - 2021-2022 - CUVALLES - Posgrado - Estudiantes totales,316,2021-2022,CUVALLES,Posgrado,Estudiantes totales,89,50,39,
122 Estudiantes en PEC -317 - 2021-2022 - CUNORTE - Posgrado - Estudiantes totales,317,2021-2022,CUNORTE,Posgrado,Estudiantes totales,192,105,87,
122 Estudiantes en PEC -318 - 2021-2022 - CULAGOS - Posgrado - Estudiantes totales,318,2021-2022,CULAGOS,Posgrado,Estudiantes totales,30,22,8,
122 Estudiantes en PEC -319 - 2021-2022 - CUTONAL  - Posgrado - Estudiantes totales,319,2021-2022,CUTONAL ,Posgrado,Estudiantes totales,161,98,63,
122 Estudiantes en PEC -320 - 2021-2022 - SUV - Posgrado - Estudiantes totales,320,2021-2022,SUV,Posgrado,Estudiantes totales,317,176,141,
122 Estudiantes en PEC -321 - 2022-2023 - CUCEA - Posgrado - Estudiantes en programas educativos de calidad,321,2022-2023,CUCEA,Posgrado,Estudiantes en programas educativos de calidad,697,334,363,
122 Estudiantes en PEC -322 - 2022-2023 - CUCEI - Posgrado - Estudiantes en programas educativos de calidad,322,2022-2023,CUCEI,Posgrado,Estudiantes en programas educativos de calidad,375,224,151,
122 Estudiantes en PEC -323 - 2022-2023 - CUCSH - Posgrado - Estudiantes en programas educativos de calidad,323,2022-2023,CUCSH,Posgrado,Estudiantes en programas educativos de calidad,470,223,247,
122 Estudiantes en PEC -324 - 2022-2023 - CUCS - Posgrado - Estudiantes en programas educativos de calidad,324,2022-2023,CUCS,Posgrado,Estudiantes en programas educativos de calidad,1878,963,915,
122 Estudiantes en PEC -325 - 2022-2023 - CUAAD - Posgrado - Estudiantes en programas educativos de calidad,325,2022-2023,CUAAD,Posgrado,Estudiantes en programas educativos de calidad,223,118,105,
122 Estudiantes en PEC -326 - 2022-2023 - CUCBA - Posgrado - Estudiantes en programas educativos de calidad,326,2022-2023,CUCBA,Posgrado,Estudiantes en programas educativos de calidad,194,92,102,
122 Estudiantes en PEC -327 - 2022-2023 - CUALTOS - Posgrado - Estudiantes en programas educativos de calidad,327,2022-2023,CUALTOS,Posgrado,Estudiantes en programas educativos de calidad,49,20,29,
122 Estudiantes en PEC -328 - 2022-2023 - CUCI NEGA - Posgrado - Estudiantes en programas educativos de calidad,328,2022-2023,CUCI NEGA,Posgrado,Estudiantes en programas educativos de calidad,9,5,4,
122 Estudiantes en PEC -329 - 2022-2023 - CUSUR - Posgrado - Estudiantes en programas educativos de calidad,329,2022-2023,CUSUR,Posgrado,Estudiantes en programas educativos de calidad,83,28,55,
122 Estudiantes en PEC -330 - 2022-2023 - CUCOSTA - Posgrado - Estudiantes en programas educativos de calidad,330,2022-2023,CUCOSTA,Posgrado,Estudiantes en programas educativos de calidad,122,62,60,
122 Estudiantes en PEC -331 - 2022-2023 - CUCOSTASUR - Posgrado - Estudiantes en programas educativos de calidad,331,2022-2023,CUCOSTASUR,Posgrado,Estudiantes en programas educativos de calidad,71,38,33,
122 Estudiantes en PEC -332 - 2022-2023 - CUVALLES - Posgrado - Estudiantes en programas educativos de calidad,332,2022-2023,CUVALLES,Posgrado,Estudiantes en programas educativos de calidad,91,48,43,
122 Estudiantes en PEC -333 - 2022-2023 - CUNORTE - Posgrado - Estudiantes en programas educativos de calidad,333,2022-2023,CUNORTE,Posgrado,Estudiantes en programas educativos de calidad,0,0,0,
122 Estudiantes en PEC -334 - 2022-2023 - CULAGOS - Posgrado - Estudiantes en programas educativos de calidad,334,2022-2023,CULAGOS,Posgrado,Estudiantes en programas educativos de calidad,10,7,3,
122 Estudiantes en PEC -335 - 2022-2023 - CUTONAL  - Posgrado - Estudiantes en programas educativos de calidad,335,2022-2023,CUTONAL ,Posgrado,Estudiantes en programas educativos de calidad,73,42,31,
122 Estudiantes en PEC -336 - 2022-2023 - SUV - Posgrado - Estudiantes en programas educativos de calidad,336,2022-2023,SUV,Posgrado,Estudiantes en programas educativos de calidad,100,47,53,
122 Estudiantes en PEC -337 - 2022-2023 - CUCEA - Posgrado - Estudiantes totales,337,2022-2023,CUCEA,Posgrado,Estudiantes totales,854,438,416,
122 Estudiantes en PEC -338 - 2022-2023 - CUCEI - Posgrado - Estudiantes totales,338,2022-2023,CUCEI,Posgrado,Estudiantes totales,381,226,155,
122 Estudiantes en PEC -339 - 2022-2023 - CUCSH - Posgrado - Estudiantes totales,339,2022-2023,CUCSH,Posgrado,Estudiantes totales,494,230,264,
122 Estudiantes en PEC -340 - 2022-2023 - CUCS - Posgrado - Estudiantes totales,340,2022-2023,CUCS,Posgrado,Estudiantes totales,2895,1379,1516,
122 Estudiantes en PEC -341 - 2022-2023 - CUAAD - Posgrado - Estudiantes totales,341,2022-2023,CUAAD,Posgrado,Estudiantes totales,272,137,135,
122 Estudiantes en PEC -342 - 2022-2023 - CUCBA - Posgrado - Estudiantes totales,342,2022-2023,CUCBA,Posgrado,Estudiantes totales,206,101,105,
122 Estudiantes en PEC -343 - 2022-2023 - CUALTOS - Posgrado - Estudiantes totales,343,2022-2023,CUALTOS,Posgrado,Estudiantes totales,79,38,41,
122 Estudiantes en PEC -344 - 2022-2023 - CUCI NEGA - Posgrado - Estudiantes totales,344,2022-2023,CUCI NEGA,Posgrado,Estudiantes totales,70,43,27,
122 Estudiantes en PEC -345 - 2022-2023 - CUSUR - Posgrado - Estudiantes totales,345,2022-2023,CUSUR,Posgrado,Estudiantes totales,121,50,71,
122 Estudiantes en PEC -346 - 2022-2023 - CUCOSTA - Posgrado - Estudiantes totales,346,2022-2023,CUCOSTA,Posgrado,Estudiantes totales,212,104,108,
122 Estudiantes en PEC -347 - 2022-2023 - CUCOSTASUR - Posgrado - Estudiantes totales,347,2022-2023,CUCOSTASUR,Posgrado,Estudiantes totales,150,80,70,
122 Estudiantes en PEC -348 - 2022-2023 - CUVALLES - Posgrado - Estudiantes totales,348,2022-2023,CUVALLES,Posgrado,Estudiantes totales,111,62,49,
122 Estudiantes en PEC -349 - 2022-2023 - CUNORTE - Posgrado - Estudiantes totales,349,2022-2023,CUNORTE,Posgrado,Estudiantes totales,231,132,99,
122 Estudiantes en PEC -350 - 2022-2023 - CULAGOS - Posgrado - Estudiantes totales,350,2022-2023,CULAGOS,Posgrado,Estudiantes totales,17,14,3,
122 Estudiantes en PEC -351 - 2022-2023 - CUTONAL  - Posgrado - Estudiantes totales,351,2022-2023,CUTONAL ,Posgrado,Estudiantes totales,194,116,78,
122 Estudiantes en PEC -352 - 2022-2023 - SUV - Posgrado - Estudiantes totales,352,2022-2023,SUV,Posgrado,Estudiantes totales,308,152,156,
122 Estudiantes en PEC -353 - 2023-2024 - CUCEA - Posgrado - Estudiantes en programas educativos de calidad,353,2023-2024,CUCEA,Posgrado,Estudiantes en programas educativos de calidad,929,461,468,
122 Estudiantes en PEC -354 - 2023-2024 - CUCEI - Posgrado - Estudiantes en programas educativos de calidad,354,2023-2024,CUCEI,Posgrado,Estudiantes en programas educativos de calidad,439,268,171,
122 Estudiantes en PEC -355 - 2023-2024 - CUCSH - Posgrado - Estudiantes en programas educativos de calidad,355,2023-2024,CUCSH,Posgrado,Estudiantes en programas educativos de calidad,404,187,217,
122 Estudiantes en PEC -356 - 2023-2024 - CUCS - Posgrado - Estudiantes en programas educativos de calidad,356,2023-2024,CUCS,Posgrado,Estudiantes en programas educativos de calidad,1879,936,943,
122 Estudiantes en PEC -357 - 2023-2024 - CUAAD - Posgrado - Estudiantes en programas educativos de calidad,357,2023-2024,CUAAD,Posgrado,Estudiantes en programas educativos de calidad,210,110,100,
122 Estudiantes en PEC -358 - 2023-2024 - CUCBA - Posgrado - Estudiantes en programas educativos de calidad,358,2023-2024,CUCBA,Posgrado,Estudiantes en programas educativos de calidad,178,84,94,
122 Estudiantes en PEC -359 - 2023-2024 - CUALTOS - Posgrado - Estudiantes en programas educativos de calidad,359,2023-2024,CUALTOS,Posgrado,Estudiantes en programas educativos de calidad,55,25,30,
122 Estudiantes en PEC -360 - 2023-2024 - CUCI NEGA - Posgrado - Estudiantes en programas educativos de calidad,360,2023-2024,CUCI NEGA,Posgrado,Estudiantes en programas educativos de calidad,9,5,4,
122 Estudiantes en PEC -361 - 2023-2024 - CUSUR - Posgrado - Estudiantes en programas educativos de calidad,361,2023-2024,CUSUR,Posgrado,Estudiantes en programas educativos de calidad,97,34,63,
122 Estudiantes en PEC -362 - 2023-2024 - CUCOSTA - Posgrado - Estudiantes en programas educativos de calidad,362,2023-2024,CUCOSTA,Posgrado,Estudiantes en programas educativos de calidad,118,57,61,
122 Estudiantes en PEC -363 - 2023-2024 - CUCOSTASUR - Posgrado - Estudiantes en programas educativos de calidad,363,2023-2024,CUCOSTASUR,Posgrado,Estudiantes en programas educativos de calidad,66,37,29,
122 Estudiantes en PEC -364 - 2023-2024 - CUVALLES - Posgrado - Estudiantes en programas educativos de calidad,364,2023-2024,CUVALLES,Posgrado,Estudiantes en programas educativos de calidad,97,58,39,
122 Estudiantes en PEC -365 - 2023-2024 - CUNORTE - Posgrado - Estudiantes en programas educativos de calidad,365,2023-2024,CUNORTE,Posgrado,Estudiantes en programas educativos de calidad,0,0,0,
122 Estudiantes en PEC -366 - 2023-2024 - CULAGOS - Posgrado - Estudiantes en programas educativos de calidad,366,2023-2024,CULAGOS,Posgrado,Estudiantes en programas educativos de calidad,18,12,6,
122 Estudiantes en PEC -367 - 2023-2024 - CUTONAL  - Posgrado - Estudiantes en programas educativos de calidad,367,2023-2024,CUTONAL ,Posgrado,Estudiantes en programas educativos de calidad,92,49,43,
122 Estudiantes en PEC -368 - 2023-2024 - SUV - Posgrado - Estudiantes en programas educativos de calidad,368,2023-2024,SUV,Posgrado,Estudiantes en programas educativos de calidad,186,84,102,
122 Estudiantes en PEC -369 - 2023-2024 - CUCEA - Posgrado - Estudiantes totales,369,2023-2024,CUCEA,Posgrado,Estudiantes totales,1163,602,561,
122 Estudiantes en PEC -370 - 2023-2024 - CUCEI - Posgrado - Estudiantes totales,370,2023-2024,CUCEI,Posgrado,Estudiantes totales,490,307,183,
122 Estudiantes en PEC -371 - 2023-2024 - CUCSH - Posgrado - Estudiantes totales,371,2023-2024,CUCSH,Posgrado,Estudiantes totales,434,193,241,
122 Estudiantes en PEC -372 - 2023-2024 - CUCS - Posgrado - Estudiantes totales,372,2023-2024,CUCS,Posgrado,Estudiantes totales,2847,1354,1493,
122 Estudiantes en PEC -373 - 2023-2024 - CUAAD - Posgrado - Estudiantes totales,373,2023-2024,CUAAD,Posgrado,Estudiantes totales,244,124,120,
122 Estudiantes en PEC -374 - 2023-2024 - CUCBA - Posgrado - Estudiantes totales,374,2023-2024,CUCBA,Posgrado,Estudiantes totales,186,89,97,
122 Estudiantes en PEC -375 - 2023-2024 - CUALTOS - Posgrado - Estudiantes totales,375,2023-2024,CUALTOS,Posgrado,Estudiantes totales,119,48,71,
122 Estudiantes en PEC -376 - 2023-2024 - CUCI NEGA - Posgrado - Estudiantes totales,376,2023-2024,CUCI NEGA,Posgrado,Estudiantes totales,70,39,31,
122 Estudiantes en PEC -377 - 2023-2024 - CUSUR - Posgrado - Estudiantes totales,377,2023-2024,CUSUR,Posgrado,Estudiantes totales,214,95,119,
122 Estudiantes en PEC -378 - 2023-2024 - CUCOSTA - Posgrado - Estudiantes totales,378,2023-2024,CUCOSTA,Posgrado,Estudiantes totales,258,121,137,
122 Estudiantes en PEC -379 - 2023-2024 - CUCOSTASUR - Posgrado - Estudiantes totales,379,2023-2024,CUCOSTASUR,Posgrado,Estudiantes totales,179,97,82,
122 Estudiantes en PEC -380 - 2023-2024 - CUVALLES - Posgrado - Estudiantes totales,380,2023-2024,CUVALLES,Posgrado,Estudiantes totales,136,82,54,
122 Estudiantes en PEC -381 - 2023-2024 - CUNORTE - Posgrado - Estudiantes totales,381,2023-2024,CUNORTE,Posgrado,Estudiantes totales,275,139,136,
122 Estudiantes en PEC -382 - 2023-2024 - CULAGOS - Posgrado - Estudiantes totales,382,2023-2024,CULAGOS,Posgrado,Estudiantes totales,30,23,7,
122 Estudiantes en PEC -383 - 2023-2024 - CUTONAL  - Posgrado - Estudiantes totales,383,2023-2024,CUTONAL ,Posgrado,Estudiantes totales,216,126,90,
122 Estudiantes en PEC -384 - 2023-2024 - SUV - Posgrado - Estudiantes totales,384,2023-2024,SUV,Posgrado,Estudiantes totales,440,205,235,
