name,row,anio,entidad_universitaria,pa_categoria_t,pa_categoria,pa_nivel,academicos_h,academicos_m,academicos_nb,academicos_t
712-2023-1 PA DTC Asistente A de CUCEA,1,2023,CUCEA,DTC,Asistente,A,0,0,,0
712-2023-2 PA DTC Asistente A de CUCEI,2,2023,CUCEI,DTC,Asistente,A,0,0,,0
712-2023-3 PA DTC Asistente A de CUCSH,3,2023,CUCSH,DTC,Asistente,A,0,0,,0
712-2023-4 PA DTC Asistente A de CUCS,4,2023,CUCS,DTC,Asistente,A,0,0,,0
712-2023-5 PA DTC Asistente A de CUAAD,5,2023,CUAAD,DTC,Asistente,A,0,0,,0
712-2023-6 PA DTC Asistente A de CUCBA,6,2023,CUCBA,DTC,Asistente,A,0,0,,0
712-2023-7 PA DTC Asistente A de CUALTOS,7,2023,CUALTOS,DTC,Asistente,A,0,0,,0
712-2023-8 PA DTC Asistente A de CUCIÉNEGA,8,2023,CUCIÉNEGA,DTC,Asistente,A,0,0,,0
712-2023-9 PA DTC Asistente A de CUSUR,9,2023,CUSUR,DTC,Asistente,A,0,0,,0
712-2023-10 PA DTC Asistente A de CUCOSTA,10,2023,CUCOSTA,DTC,Asistente,A,0,0,,0
712-2023-11 PA DTC Asistente A de CUCOSTASUR,11,2023,CUCOSTASUR,DTC,Asistente,A,0,0,,0
712-2023-12 PA DTC Asistente A de CUVALLES,12,2023,CUVALLES,DTC,Asistente,A,0,0,,0
712-2023-13 PA DTC Asistente A de CUNORTE,13,2023,CUNORTE,DTC,Asistente,A,0,0,,0
712-2023-14 PA DTC Asistente A de CULAGOS,14,2023,CULAGOS,DTC,Asistente,A,0,0,,0
712-2023-15 PA DTC Asistente A de CUTONALÁ,15,2023,CUTONALÁ,DTC,Asistente,A,0,0,,0
712-2023-16 PA DTC Asistente A de CUTLAJOMULCO,16,2023,CUTLAJOMULCO,DTC,Asistente,A,0,0,,0
712-2023-17 PA DTC Asistente A de SUV,17,2023,SUV,DTC,Asistente,A,1,0,,1
712-2023-18 PA DTC Asistente A de SEMS,18,2023,SEMS,DTC,Asistente,A,2,0,,2
712-2023-19 PA DTC Asistente A de AG,19,2023,AG,DTC,Asistente,A,0,0,,0
712-2023-20 PA DTC Asistente B de CUCEA,20,2023,CUCEA,DTC,Asistente,B,0,1,,1
712-2023-21 PA DTC Asistente B de CUCEI,21,2023,CUCEI,DTC,Asistente,B,1,0,,1
712-2023-22 PA DTC Asistente B de CUCSH,22,2023,CUCSH,DTC,Asistente,B,0,3,,3
712-2023-23 PA DTC Asistente B de CUCS,23,2023,CUCS,DTC,Asistente,B,0,1,,1
712-2023-24 PA DTC Asistente B de CUAAD,24,2023,CUAAD,DTC,Asistente,B,1,1,,2
712-2023-25 PA DTC Asistente B de CUCBA,25,2023,CUCBA,DTC,Asistente,B,0,2,,2
712-2023-26 PA DTC Asistente B de CUALTOS,26,2023,CUALTOS,DTC,Asistente,B,2,0,,2
712-2023-27 PA DTC Asistente B de CUCIÉNEGA,27,2023,CUCIÉNEGA,DTC,Asistente,B,0,0,,0
712-2023-28 PA DTC Asistente B de CUSUR,28,2023,CUSUR,DTC,Asistente,B,0,0,,0
712-2023-29 PA DTC Asistente B de CUCOSTA,29,2023,CUCOSTA,DTC,Asistente,B,0,1,,1
712-2023-30 PA DTC Asistente B de CUCOSTASUR,30,2023,CUCOSTASUR,DTC,Asistente,B,1,0,,1
712-2023-31 PA DTC Asistente B de CUVALLES,31,2023,CUVALLES,DTC,Asistente,B,1,0,,1
712-2023-32 PA DTC Asistente B de CUNORTE,32,2023,CUNORTE,DTC,Asistente,B,0,0,,0
712-2023-33 PA DTC Asistente B de CULAGOS,33,2023,CULAGOS,DTC,Asistente,B,0,0,,0
712-2023-34 PA DTC Asistente B de CUTONALÁ,34,2023,CUTONALÁ,DTC,Asistente,B,0,0,,0
712-2023-35 PA DTC Asistente B de CUTLAJOMULCO,35,2023,CUTLAJOMULCO,DTC,Asistente,B,0,0,,0
712-2023-36 PA DTC Asistente B de SUV,36,2023,SUV,DTC,Asistente,B,0,0,,0
712-2023-37 PA DTC Asistente B de SEMS,37,2023,SEMS,DTC,Asistente,B,15,15,,30
712-2023-38 PA DTC Asistente B de AG,38,2023,AG,DTC,Asistente,B,0,0,,0
712-2023-39 PA DTC Asistente C de CUCEA,39,2023,CUCEA,DTC,Asistente,C,6,2,,8
712-2023-40 PA DTC Asistente C de CUCEI,40,2023,CUCEI,DTC,Asistente,C,4,1,,5
712-2023-41 PA DTC Asistente C de CUCSH,41,2023,CUCSH,DTC,Asistente,C,6,5,,11
712-2023-42 PA DTC Asistente C de CUCS,42,2023,CUCS,DTC,Asistente,C,2,2,,4
712-2023-43 PA DTC Asistente C de CUAAD,43,2023,CUAAD,DTC,Asistente,C,4,1,,5
712-2023-44 PA DTC Asistente C de CUCBA,44,2023,CUCBA,DTC,Asistente,C,2,2,,4
712-2023-45 PA DTC Asistente C de CUALTOS,45,2023,CUALTOS,DTC,Asistente,C,1,0,,1
712-2023-46 PA DTC Asistente C de CUCIÉNEGA,46,2023,CUCIÉNEGA,DTC,Asistente,C,0,0,,0
712-2023-47 PA DTC Asistente C de CUSUR,47,2023,CUSUR,DTC,Asistente,C,0,0,,0
712-2023-48 PA DTC Asistente C de CUCOSTA,48,2023,CUCOSTA,DTC,Asistente,C,1,1,,2
712-2023-49 PA DTC Asistente C de CUCOSTASUR,49,2023,CUCOSTASUR,DTC,Asistente,C,1,1,,2
712-2023-50 PA DTC Asistente C de CUVALLES,50,2023,CUVALLES,DTC,Asistente,C,1,0,,1
712-2023-51 PA DTC Asistente C de CUNORTE,51,2023,CUNORTE,DTC,Asistente,C,0,0,,0
712-2023-52 PA DTC Asistente C de CULAGOS,52,2023,CULAGOS,DTC,Asistente,C,0,0,,0
712-2023-53 PA DTC Asistente C de CUTONALÁ,53,2023,CUTONALÁ,DTC,Asistente,C,2,0,,2
712-2023-54 PA DTC Asistente C de CUTLAJOMULCO,54,2023,CUTLAJOMULCO,DTC,Asistente,C,0,0,,0
712-2023-55 PA DTC Asistente C de SUV,55,2023,SUV,DTC,Asistente,C,0,0,,0
712-2023-56 PA DTC Asistente C de SEMS,56,2023,SEMS,DTC,Asistente,C,41,44,,85
712-2023-57 PA DTC Asistente C de AG,57,2023,AG,DTC,Asistente,C,0,0,,0
712-2023-58 PA DTC Asociado A de CUCEA,58,2023,CUCEA,DTC,Asociado,A,14,13,,27
712-2023-59 PA DTC Asociado A de CUCEI,59,2023,CUCEI,DTC,Asociado,A,14,7,,21
712-2023-60 PA DTC Asociado A de CUCSH,60,2023,CUCSH,DTC,Asociado,A,13,14,,27
712-2023-61 PA DTC Asociado A de CUCS,61,2023,CUCS,DTC,Asociado,A,16,12,,28
712-2023-62 PA DTC Asociado A de CUAAD,62,2023,CUAAD,DTC,Asociado,A,11,4,,15
712-2023-63 PA DTC Asociado A de CUCBA,63,2023,CUCBA,DTC,Asociado,A,8,5,,13
712-2023-64 PA DTC Asociado A de CUALTOS,64,2023,CUALTOS,DTC,Asociado,A,4,4,,8
712-2023-65 PA DTC Asociado A de CUCIÉNEGA,65,2023,CUCIÉNEGA,DTC,Asociado,A,7,5,,12
712-2023-66 PA DTC Asociado A de CUSUR,66,2023,CUSUR,DTC,Asociado,A,5,1,,6
712-2023-67 PA DTC Asociado A de CUCOSTA,67,2023,CUCOSTA,DTC,Asociado,A,5,0,,5
712-2023-68 PA DTC Asociado A de CUCOSTASUR,68,2023,CUCOSTASUR,DTC,Asociado,A,6,2,,8
712-2023-69 PA DTC Asociado A de CUVALLES,69,2023,CUVALLES,DTC,Asociado,A,2,6,,8
712-2023-70 PA DTC Asociado A de CUNORTE,70,2023,CUNORTE,DTC,Asociado,A,4,0,,4
712-2023-71 PA DTC Asociado A de CULAGOS,71,2023,CULAGOS,DTC,Asociado,A,3,1,,4
712-2023-72 PA DTC Asociado A de CUTONALÁ,72,2023,CUTONALÁ,DTC,Asociado,A,9,8,,17
712-2023-73 PA DTC Asociado A de CUTLAJOMULCO,73,2023,CUTLAJOMULCO,DTC,Asociado,A,0,2,,2
712-2023-74 PA DTC Asociado A de SUV,74,2023,SUV,DTC,Asociado,A,2,1,,3
712-2023-75 PA DTC Asociado A de SEMS,75,2023,SEMS,DTC,Asociado,A,133,136,,269
712-2023-76 PA DTC Asociado A de AG,76,2023,AG,DTC,Asociado,A,0,0,,0
712-2023-77 PA DTC Asociado B de CUCEA,77,2023,CUCEA,DTC,Asociado,B,16,14,,30
712-2023-78 PA DTC Asociado B de CUCEI,78,2023,CUCEI,DTC,Asociado,B,11,9,,20
712-2023-79 PA DTC Asociado B de CUCSH,79,2023,CUCSH,DTC,Asociado,B,12,16,,28
712-2023-80 PA DTC Asociado B de CUCS,80,2023,CUCS,DTC,Asociado,B,18,13,,31
712-2023-81 PA DTC Asociado B de CUAAD,81,2023,CUAAD,DTC,Asociado,B,5,4,,9
712-2023-82 PA DTC Asociado B de CUCBA,82,2023,CUCBA,DTC,Asociado,B,10,5,,15
712-2023-83 PA DTC Asociado B de CUALTOS,83,2023,CUALTOS,DTC,Asociado,B,9,8,,17
712-2023-84 PA DTC Asociado B de CUCIÉNEGA,84,2023,CUCIÉNEGA,DTC,Asociado,B,3,4,,7
712-2023-85 PA DTC Asociado B de CUSUR,85,2023,CUSUR,DTC,Asociado,B,7,5,,12
712-2023-86 PA DTC Asociado B de CUCOSTA,86,2023,CUCOSTA,DTC,Asociado,B,5,2,,7
712-2023-87 PA DTC Asociado B de CUCOSTASUR,87,2023,CUCOSTASUR,DTC,Asociado,B,1,2,,3
712-2023-88 PA DTC Asociado B de CUVALLES,88,2023,CUVALLES,DTC,Asociado,B,4,6,,10
712-2023-89 PA DTC Asociado B de CUNORTE,89,2023,CUNORTE,DTC,Asociado,B,3,4,,7
712-2023-90 PA DTC Asociado B de CULAGOS,90,2023,CULAGOS,DTC,Asociado,B,3,1,,4
712-2023-91 PA DTC Asociado B de CUTONALÁ,91,2023,CUTONALÁ,DTC,Asociado,B,6,9,,15
712-2023-92 PA DTC Asociado B de CUTLAJOMULCO,92,2023,CUTLAJOMULCO,DTC,Asociado,B,2,0,,2
712-2023-93 PA DTC Asociado B de SUV,93,2023,SUV,DTC,Asociado,B,5,2,,7
712-2023-94 PA DTC Asociado B de SEMS,94,2023,SEMS,DTC,Asociado,B,148,137,,285
712-2023-95 PA DTC Asociado B de AG,95,2023,AG,DTC,Asociado,B,0,0,,0
712-2023-96 PA DTC Asociado C de CUCEA,96,2023,CUCEA,DTC,Asociado,C,12,7,,19
712-2023-97 PA DTC Asociado C de CUCEI,97,2023,CUCEI,DTC,Asociado,C,8,4,,12
712-2023-98 PA DTC Asociado C de CUCSH,98,2023,CUCSH,DTC,Asociado,C,13,9,,22
712-2023-99 PA DTC Asociado C de CUCS,99,2023,CUCS,DTC,Asociado,C,10,9,,19
712-2023-100 PA DTC Asociado C de CUAAD,100,2023,CUAAD,DTC,Asociado,C,1,2,,3
712-2023-101 PA DTC Asociado C de CUCBA,101,2023,CUCBA,DTC,Asociado,C,11,2,,13
712-2023-102 PA DTC Asociado C de CUALTOS,102,2023,CUALTOS,DTC,Asociado,C,2,3,,5
712-2023-103 PA DTC Asociado C de CUCIÉNEGA,103,2023,CUCIÉNEGA,DTC,Asociado,C,3,1,,4
712-2023-104 PA DTC Asociado C de CUSUR,104,2023,CUSUR,DTC,Asociado,C,3,0,,3
712-2023-105 PA DTC Asociado C de CUCOSTA,105,2023,CUCOSTA,DTC,Asociado,C,2,2,,4
712-2023-106 PA DTC Asociado C de CUCOSTASUR,106,2023,CUCOSTASUR,DTC,Asociado,C,2,0,,2
712-2023-107 PA DTC Asociado C de CUVALLES,107,2023,CUVALLES,DTC,Asociado,C,2,2,,4
712-2023-108 PA DTC Asociado C de CUNORTE,108,2023,CUNORTE,DTC,Asociado,C,2,0,,2
712-2023-109 PA DTC Asociado C de CULAGOS,109,2023,CULAGOS,DTC,Asociado,C,1,2,,3
712-2023-110 PA DTC Asociado C de CUTONALÁ,110,2023,CUTONALÁ,DTC,Asociado,C,1,3,,4
712-2023-111 PA DTC Asociado C de CUTLAJOMULCO,111,2023,CUTLAJOMULCO,DTC,Asociado,C,1,2,,3
712-2023-112 PA DTC Asociado C de SUV,112,2023,SUV,DTC,Asociado,C,3,5,,8
712-2023-113 PA DTC Asociado C de SEMS,113,2023,SEMS,DTC,Asociado,C,88,58,,146
712-2023-114 PA DTC Asociado C de AG,114,2023,AG,DTC,Asociado,C,0,0,,0
712-2023-115 PA DTC Titular A de CUCEA,115,2023,CUCEA,DTC,Titular,A,16,3,,19
712-2023-116 PA DTC Titular A de CUCEI,116,2023,CUCEI,DTC,Titular,A,13,4,,17
712-2023-117 PA DTC Titular A de CUCSH,117,2023,CUCSH,DTC,Titular,A,26,15,,41
712-2023-118 PA DTC Titular A de CUCS,118,2023,CUCS,DTC,Titular,A,14,13,,27
712-2023-119 PA DTC Titular A de CUAAD,119,2023,CUAAD,DTC,Titular,A,13,9,,22
712-2023-120 PA DTC Titular A de CUCBA,120,2023,CUCBA,DTC,Titular,A,4,3,,7
712-2023-121 PA DTC Titular A de CUALTOS,121,2023,CUALTOS,DTC,Titular,A,7,2,,9
712-2023-122 PA DTC Titular A de CUCIÉNEGA,122,2023,CUCIÉNEGA,DTC,Titular,A,4,1,,5
712-2023-123 PA DTC Titular A de CUSUR,123,2023,CUSUR,DTC,Titular,A,11,0,,11
712-2023-124 PA DTC Titular A de CUCOSTA,124,2023,CUCOSTA,DTC,Titular,A,2,0,,2
712-2023-125 PA DTC Titular A de CUCOSTASUR,125,2023,CUCOSTASUR,DTC,Titular,A,4,1,,5
712-2023-126 PA DTC Titular A de CUVALLES,126,2023,CUVALLES,DTC,Titular,A,3,3,,6
712-2023-127 PA DTC Titular A de CUNORTE,127,2023,CUNORTE,DTC,Titular,A,2,1,,3
712-2023-128 PA DTC Titular A de CULAGOS,128,2023,CULAGOS,DTC,Titular,A,2,1,,3
712-2023-129 PA DTC Titular A de CUTONALÁ,129,2023,CUTONALÁ,DTC,Titular,A,11,9,,20
712-2023-130 PA DTC Titular A de CUTLAJOMULCO,130,2023,CUTLAJOMULCO,DTC,Titular,A,1,0,,1
712-2023-131 PA DTC Titular A de SUV,131,2023,SUV,DTC,Titular,A,2,4,,6
712-2023-132 PA DTC Titular A de SEMS,132,2023,SEMS,DTC,Titular,A,57,42,,99
712-2023-133 PA DTC Titular A de AG,133,2023,AG,DTC,Titular,A,0,0,,0
712-2023-134 PA DTC Titular B de CUCEA,134,2023,CUCEA,DTC,Titular,B,15,2,,17
712-2023-135 PA DTC Titular B de CUCEI,135,2023,CUCEI,DTC,Titular,B,7,4,,11
712-2023-136 PA DTC Titular B de CUCSH,136,2023,CUCSH,DTC,Titular,B,11,5,,16
712-2023-137 PA DTC Titular B de CUCS,137,2023,CUCS,DTC,Titular,B,6,4,,10
712-2023-138 PA DTC Titular B de CUAAD,138,2023,CUAAD,DTC,Titular,B,2,0,,2
712-2023-139 PA DTC Titular B de CUCBA,139,2023,CUCBA,DTC,Titular,B,3,2,,5
712-2023-140 PA DTC Titular B de CUALTOS,140,2023,CUALTOS,DTC,Titular,B,1,2,,3
712-2023-141 PA DTC Titular B de CUCIÉNEGA,141,2023,CUCIÉNEGA,DTC,Titular,B,3,0,,3
712-2023-142 PA DTC Titular B de CUSUR,142,2023,CUSUR,DTC,Titular,B,1,1,,2
712-2023-143 PA DTC Titular B de CUCOSTA,143,2023,CUCOSTA,DTC,Titular,B,0,0,,0
712-2023-144 PA DTC Titular B de CUCOSTASUR,144,2023,CUCOSTASUR,DTC,Titular,B,0,0,,0
712-2023-145 PA DTC Titular B de CUVALLES,145,2023,CUVALLES,DTC,Titular,B,2,0,,2
712-2023-146 PA DTC Titular B de CUNORTE,146,2023,CUNORTE,DTC,Titular,B,0,0,,0
712-2023-147 PA DTC Titular B de CULAGOS,147,2023,CULAGOS,DTC,Titular,B,2,0,,2
712-2023-148 PA DTC Titular B de CUTONALÁ,148,2023,CUTONALÁ,DTC,Titular,B,3,0,,3
712-2023-149 PA DTC Titular B de CUTLAJOMULCO,149,2023,CUTLAJOMULCO,DTC,Titular,B,0,0,,0
712-2023-150 PA DTC Titular B de SUV,150,2023,SUV,DTC,Titular,B,0,2,,2
712-2023-151 PA DTC Titular B de SEMS,151,2023,SEMS,DTC,Titular,B,22,24,,46
712-2023-152 PA DTC Titular B de AG,152,2023,AG,DTC,Titular,B,0,0,,0
712-2023-153 PA DTC Titular C de CUCEA,153,2023,CUCEA,DTC,Titular,C,14,2,,16
712-2023-154 PA DTC Titular C de CUCEI,154,2023,CUCEI,DTC,Titular,C,5,3,,8
712-2023-155 PA DTC Titular C de CUCSH,155,2023,CUCSH,DTC,Titular,C,9,9,,18
712-2023-156 PA DTC Titular C de CUCS,156,2023,CUCS,DTC,Titular,C,16,6,,22
712-2023-157 PA DTC Titular C de CUAAD,157,2023,CUAAD,DTC,Titular,C,4,1,,5
712-2023-158 PA DTC Titular C de CUCBA,158,2023,CUCBA,DTC,Titular,C,8,2,,10
712-2023-159 PA DTC Titular C de CUALTOS,159,2023,CUALTOS,DTC,Titular,C,1,0,,1
712-2023-160 PA DTC Titular C de CUCIÉNEGA,160,2023,CUCIÉNEGA,DTC,Titular,C,1,1,,2
712-2023-161 PA DTC Titular C de CUSUR,161,2023,CUSUR,DTC,Titular,C,5,1,,6
712-2023-162 PA DTC Titular C de CUCOSTA,162,2023,CUCOSTA,DTC,Titular,C,0,2,,2
712-2023-163 PA DTC Titular C de CUCOSTASUR,163,2023,CUCOSTASUR,DTC,Titular,C,4,2,,6
712-2023-164 PA DTC Titular C de CUVALLES,164,2023,CUVALLES,DTC,Titular,C,1,1,,2
712-2023-165 PA DTC Titular C de CUNORTE,165,2023,CUNORTE,DTC,Titular,C,0,1,,1
712-2023-166 PA DTC Titular C de CULAGOS,166,2023,CULAGOS,DTC,Titular,C,0,0,,0
712-2023-167 PA DTC Titular C de CUTONALÁ,167,2023,CUTONALÁ,DTC,Titular,C,1,2,,3
712-2023-168 PA DTC Titular C de CUTLAJOMULCO,168,2023,CUTLAJOMULCO,DTC,Titular,C,0,0,,0
712-2023-169 PA DTC Titular C de SUV,169,2023,SUV,DTC,Titular,C,1,2,,3
712-2023-170 PA DTC Titular C de SEMS,170,2023,SEMS,DTC,Titular,C,29,21,,50
712-2023-171 PA DTC Titular C de AG,171,2023,AG,DTC,Titular,C,0,0,,0
712-2023-172 PA DMT Asistente A de CUCEA,172,2023,CUCEA,DMT,Asistente,A,0,0,,0
712-2023-173 PA DMT Asistente A de CUCEI,173,2023,CUCEI,DMT,Asistente,A,0,0,,0
712-2023-174 PA DMT Asistente A de CUCSH,174,2023,CUCSH,DMT,Asistente,A,0,0,,0
712-2023-175 PA DMT Asistente A de CUCS,175,2023,CUCS,DMT,Asistente,A,0,0,,0
712-2023-176 PA DMT Asistente A de CUAAD,176,2023,CUAAD,DMT,Asistente,A,0,0,,0
712-2023-177 PA DMT Asistente A de CUCBA,177,2023,CUCBA,DMT,Asistente,A,0,0,,0
712-2023-178 PA DMT Asistente A de CUALTOS,178,2023,CUALTOS,DMT,Asistente,A,0,0,,0
712-2023-179 PA DMT Asistente A de CUCIÉNEGA,179,2023,CUCIÉNEGA,DMT,Asistente,A,0,0,,0
712-2023-180 PA DMT Asistente A de CUSUR,180,2023,CUSUR,DMT,Asistente,A,0,0,,0
712-2023-181 PA DMT Asistente A de CUCOSTA,181,2023,CUCOSTA,DMT,Asistente,A,0,0,,0
712-2023-182 PA DMT Asistente A de CUCOSTASUR,182,2023,CUCOSTASUR,DMT,Asistente,A,0,0,,0
712-2023-183 PA DMT Asistente A de CUVALLES,183,2023,CUVALLES,DMT,Asistente,A,0,0,,0
712-2023-184 PA DMT Asistente A de CUNORTE,184,2023,CUNORTE,DMT,Asistente,A,0,0,,0
712-2023-185 PA DMT Asistente A de CULAGOS,185,2023,CULAGOS,DMT,Asistente,A,0,0,,0
712-2023-186 PA DMT Asistente A de CUTONALÁ,186,2023,CUTONALÁ,DMT,Asistente,A,0,0,,0
712-2023-187 PA DMT Asistente A de CUTLAJOMULCO,187,2023,CUTLAJOMULCO,DMT,Asistente,A,0,0,,0
712-2023-188 PA DMT Asistente A de SUV,188,2023,SUV,DMT,Asistente,A,0,0,,0
712-2023-189 PA DMT Asistente A de SEMS,189,2023,SEMS,DMT,Asistente,A,0,0,,0
712-2023-190 PA DMT Asistente A de AG,190,2023,AG,DMT,Asistente,A,0,0,,0
712-2023-191 PA DMT Asistente B de CUCEA,191,2023,CUCEA,DMT,Asistente,B,0,0,,0
712-2023-192 PA DMT Asistente B de CUCEI,192,2023,CUCEI,DMT,Asistente,B,0,0,,0
712-2023-193 PA DMT Asistente B de CUCSH,193,2023,CUCSH,DMT,Asistente,B,0,0,,0
712-2023-194 PA DMT Asistente B de CUCS,194,2023,CUCS,DMT,Asistente,B,0,0,,0
712-2023-195 PA DMT Asistente B de CUAAD,195,2023,CUAAD,DMT,Asistente,B,0,0,,0
712-2023-196 PA DMT Asistente B de CUCBA,196,2023,CUCBA,DMT,Asistente,B,0,0,,0
712-2023-197 PA DMT Asistente B de CUALTOS,197,2023,CUALTOS,DMT,Asistente,B,0,0,,0
712-2023-198 PA DMT Asistente B de CUCIÉNEGA,198,2023,CUCIÉNEGA,DMT,Asistente,B,0,0,,0
712-2023-199 PA DMT Asistente B de CUSUR,199,2023,CUSUR,DMT,Asistente,B,0,0,,0
712-2023-200 PA DMT Asistente B de CUCOSTA,200,2023,CUCOSTA,DMT,Asistente,B,0,0,,0
712-2023-201 PA DMT Asistente B de CUCOSTASUR,201,2023,CUCOSTASUR,DMT,Asistente,B,0,0,,0
712-2023-202 PA DMT Asistente B de CUVALLES,202,2023,CUVALLES,DMT,Asistente,B,0,0,,0
712-2023-203 PA DMT Asistente B de CUNORTE,203,2023,CUNORTE,DMT,Asistente,B,0,0,,0
712-2023-204 PA DMT Asistente B de CULAGOS,204,2023,CULAGOS,DMT,Asistente,B,0,0,,0
712-2023-205 PA DMT Asistente B de CUTONALÁ,205,2023,CUTONALÁ,DMT,Asistente,B,0,0,,0
712-2023-206 PA DMT Asistente B de CUTLAJOMULCO,206,2023,CUTLAJOMULCO,DMT,Asistente,B,0,0,,0
712-2023-207 PA DMT Asistente B de SUV,207,2023,SUV,DMT,Asistente,B,0,0,,0
712-2023-208 PA DMT Asistente B de SEMS,208,2023,SEMS,DMT,Asistente,B,3,0,,3
712-2023-209 PA DMT Asistente B de AG,209,2023,AG,DMT,Asistente,B,0,0,,0
712-2023-210 PA DMT Asistente C de CUCEA,210,2023,CUCEA,DMT,Asistente,C,0,0,,0
712-2023-211 PA DMT Asistente C de CUCEI,211,2023,CUCEI,DMT,Asistente,C,2,1,,3
712-2023-212 PA DMT Asistente C de CUCSH,212,2023,CUCSH,DMT,Asistente,C,1,1,,2
712-2023-213 PA DMT Asistente C de CUCS,213,2023,CUCS,DMT,Asistente,C,1,1,,2
712-2023-214 PA DMT Asistente C de CUAAD,214,2023,CUAAD,DMT,Asistente,C,4,0,,4
712-2023-215 PA DMT Asistente C de CUCBA,215,2023,CUCBA,DMT,Asistente,C,0,0,,0
712-2023-216 PA DMT Asistente C de CUALTOS,216,2023,CUALTOS,DMT,Asistente,C,0,0,,0
712-2023-217 PA DMT Asistente C de CUCIÉNEGA,217,2023,CUCIÉNEGA,DMT,Asistente,C,0,0,,0
712-2023-218 PA DMT Asistente C de CUSUR,218,2023,CUSUR,DMT,Asistente,C,0,0,,0
712-2023-219 PA DMT Asistente C de CUCOSTA,219,2023,CUCOSTA,DMT,Asistente,C,0,0,,0
712-2023-220 PA DMT Asistente C de CUCOSTASUR,220,2023,CUCOSTASUR,DMT,Asistente,C,0,0,,0
712-2023-221 PA DMT Asistente C de CUVALLES,221,2023,CUVALLES,DMT,Asistente,C,0,0,,0
712-2023-222 PA DMT Asistente C de CUNORTE,222,2023,CUNORTE,DMT,Asistente,C,0,0,,0
712-2023-223 PA DMT Asistente C de CULAGOS,223,2023,CULAGOS,DMT,Asistente,C,0,0,,0
712-2023-224 PA DMT Asistente C de CUTONALÁ,224,2023,CUTONALÁ,DMT,Asistente,C,0,0,,0
712-2023-225 PA DMT Asistente C de CUTLAJOMULCO,225,2023,CUTLAJOMULCO,DMT,Asistente,C,0,0,,0
712-2023-226 PA DMT Asistente C de SUV,226,2023,SUV,DMT,Asistente,C,0,0,,0
712-2023-227 PA DMT Asistente C de SEMS,227,2023,SEMS,DMT,Asistente,C,7,5,,12
712-2023-228 PA DMT Asistente C de AG,228,2023,AG,DMT,Asistente,C,0,0,,0
712-2023-229 PA DMT Asociado A de CUCEA,229,2023,CUCEA,DMT,Asociado,A,5,6,,11
712-2023-230 PA DMT Asociado A de CUCEI,230,2023,CUCEI,DMT,Asociado,A,1,3,,4
712-2023-231 PA DMT Asociado A de CUCSH,231,2023,CUCSH,DMT,Asociado,A,6,3,,9
712-2023-232 PA DMT Asociado A de CUCS,232,2023,CUCS,DMT,Asociado,A,5,2,,7
712-2023-233 PA DMT Asociado A de CUAAD,233,2023,CUAAD,DMT,Asociado,A,2,4,,6
712-2023-234 PA DMT Asociado A de CUCBA,234,2023,CUCBA,DMT,Asociado,A,0,0,,0
712-2023-235 PA DMT Asociado A de CUALTOS,235,2023,CUALTOS,DMT,Asociado,A,0,0,,0
712-2023-236 PA DMT Asociado A de CUCIÉNEGA,236,2023,CUCIÉNEGA,DMT,Asociado,A,6,5,,11
712-2023-237 PA DMT Asociado A de CUSUR,237,2023,CUSUR,DMT,Asociado,A,0,1,,1
712-2023-238 PA DMT Asociado A de CUCOSTA,238,2023,CUCOSTA,DMT,Asociado,A,5,0,,5
712-2023-239 PA DMT Asociado A de CUCOSTASUR,239,2023,CUCOSTASUR,DMT,Asociado,A,3,4,,7
712-2023-240 PA DMT Asociado A de CUVALLES,240,2023,CUVALLES,DMT,Asociado,A,0,0,,0
712-2023-241 PA DMT Asociado A de CUNORTE,241,2023,CUNORTE,DMT,Asociado,A,0,0,,0
712-2023-242 PA DMT Asociado A de CULAGOS,242,2023,CULAGOS,DMT,Asociado,A,1,2,,3
712-2023-243 PA DMT Asociado A de CUTONALÁ,243,2023,CUTONALÁ,DMT,Asociado,A,1,0,,1
712-2023-244 PA DMT Asociado A de CUTLAJOMULCO,244,2023,CUTLAJOMULCO,DMT,Asociado,A,0,0,,0
712-2023-245 PA DMT Asociado A de SUV,245,2023,SUV,DMT,Asociado,A,0,0,,0
712-2023-246 PA DMT Asociado A de SEMS,246,2023,SEMS,DMT,Asociado,A,78,56,,134
712-2023-247 PA DMT Asociado A de AG,247,2023,AG,DMT,Asociado,A,0,0,,0
712-2023-248 PA DMT Asociado B de CUCEA,248,2023,CUCEA,DMT,Asociado,B,0,1,,1
712-2023-249 PA DMT Asociado B de CUCEI,249,2023,CUCEI,DMT,Asociado,B,0,0,,0
712-2023-250 PA DMT Asociado B de CUCSH,250,2023,CUCSH,DMT,Asociado,B,3,0,,3
712-2023-251 PA DMT Asociado B de CUCS,251,2023,CUCS,DMT,Asociado,B,0,1,,1
712-2023-252 PA DMT Asociado B de CUAAD,252,2023,CUAAD,DMT,Asociado,B,0,0,,0
712-2023-253 PA DMT Asociado B de CUCBA,253,2023,CUCBA,DMT,Asociado,B,0,0,,0
712-2023-254 PA DMT Asociado B de CUALTOS,254,2023,CUALTOS,DMT,Asociado,B,0,0,,0
712-2023-255 PA DMT Asociado B de CUCIÉNEGA,255,2023,CUCIÉNEGA,DMT,Asociado,B,2,0,,2
712-2023-256 PA DMT Asociado B de CUSUR,256,2023,CUSUR,DMT,Asociado,B,0,0,,0
712-2023-257 PA DMT Asociado B de CUCOSTA,257,2023,CUCOSTA,DMT,Asociado,B,0,0,,0
712-2023-258 PA DMT Asociado B de CUCOSTASUR,258,2023,CUCOSTASUR,DMT,Asociado,B,2,0,,2
712-2023-259 PA DMT Asociado B de CUVALLES,259,2023,CUVALLES,DMT,Asociado,B,0,0,,0
712-2023-260 PA DMT Asociado B de CUNORTE,260,2023,CUNORTE,DMT,Asociado,B,0,0,,0
712-2023-261 PA DMT Asociado B de CULAGOS,261,2023,CULAGOS,DMT,Asociado,B,0,0,,0
712-2023-262 PA DMT Asociado B de CUTONALÁ,262,2023,CUTONALÁ,DMT,Asociado,B,0,0,,0
712-2023-263 PA DMT Asociado B de CUTLAJOMULCO,263,2023,CUTLAJOMULCO,DMT,Asociado,B,0,0,,0
712-2023-264 PA DMT Asociado B de SUV,264,2023,SUV,DMT,Asociado,B,0,1,,1
712-2023-265 PA DMT Asociado B de SEMS,265,2023,SEMS,DMT,Asociado,B,46,36,,82
712-2023-266 PA DMT Asociado B de AG,266,2023,AG,DMT,Asociado,B,0,0,,0
712-2023-267 PA DMT Asociado C de CUCEA,267,2023,CUCEA,DMT,Asociado,C,0,0,,0
712-2023-268 PA DMT Asociado C de CUCEI,268,2023,CUCEI,DMT,Asociado,C,1,0,,1
712-2023-269 PA DMT Asociado C de CUCSH,269,2023,CUCSH,DMT,Asociado,C,1,0,,1
712-2023-270 PA DMT Asociado C de CUCS,270,2023,CUCS,DMT,Asociado,C,2,1,,3
712-2023-271 PA DMT Asociado C de CUAAD,271,2023,CUAAD,DMT,Asociado,C,1,1,,2
712-2023-272 PA DMT Asociado C de CUCBA,272,2023,CUCBA,DMT,Asociado,C,0,0,,0
712-2023-273 PA DMT Asociado C de CUALTOS,273,2023,CUALTOS,DMT,Asociado,C,0,0,,0
712-2023-274 PA DMT Asociado C de CUCIÉNEGA,274,2023,CUCIÉNEGA,DMT,Asociado,C,1,0,,1
712-2023-275 PA DMT Asociado C de CUSUR,275,2023,CUSUR,DMT,Asociado,C,0,0,,0
712-2023-276 PA DMT Asociado C de CUCOSTA,276,2023,CUCOSTA,DMT,Asociado,C,0,0,,0
712-2023-277 PA DMT Asociado C de CUCOSTASUR,277,2023,CUCOSTASUR,DMT,Asociado,C,1,0,,1
712-2023-278 PA DMT Asociado C de CUVALLES,278,2023,CUVALLES,DMT,Asociado,C,0,0,,0
712-2023-279 PA DMT Asociado C de CUNORTE,279,2023,CUNORTE,DMT,Asociado,C,0,0,,0
712-2023-280 PA DMT Asociado C de CULAGOS,280,2023,CULAGOS,DMT,Asociado,C,0,0,,0
712-2023-281 PA DMT Asociado C de CUTONALÁ,281,2023,CUTONALÁ,DMT,Asociado,C,0,0,,0
712-2023-282 PA DMT Asociado C de CUTLAJOMULCO,282,2023,CUTLAJOMULCO,DMT,Asociado,C,0,0,,0
712-2023-283 PA DMT Asociado C de SUV,283,2023,SUV,DMT,Asociado,C,0,0,,0
712-2023-284 PA DMT Asociado C de SEMS,284,2023,SEMS,DMT,Asociado,C,13,5,,18
712-2023-285 PA DMT Asociado C de AG,285,2023,AG,DMT,Asociado,C,0,0,,0
712-2023-286 PA DMT Titular A de CUCEA,286,2023,CUCEA,DMT,Titular,A,0,0,,0
712-2023-287 PA DMT Titular A de CUCEI,287,2023,CUCEI,DMT,Titular,A,1,0,,1
712-2023-288 PA DMT Titular A de CUCSH,288,2023,CUCSH,DMT,Titular,A,1,0,,1
712-2023-289 PA DMT Titular A de CUCS,289,2023,CUCS,DMT,Titular,A,2,0,,2
712-2023-290 PA DMT Titular A de CUAAD,290,2023,CUAAD,DMT,Titular,A,0,0,,0
712-2023-291 PA DMT Titular A de CUCBA,291,2023,CUCBA,DMT,Titular,A,0,0,,0
712-2023-292 PA DMT Titular A de CUALTOS,292,2023,CUALTOS,DMT,Titular,A,1,0,,1
712-2023-293 PA DMT Titular A de CUCIÉNEGA,293,2023,CUCIÉNEGA,DMT,Titular,A,0,0,,0
712-2023-294 PA DMT Titular A de CUSUR,294,2023,CUSUR,DMT,Titular,A,0,0,,0
712-2023-295 PA DMT Titular A de CUCOSTA,295,2023,CUCOSTA,DMT,Titular,A,0,1,,1
712-2023-296 PA DMT Titular A de CUCOSTASUR,296,2023,CUCOSTASUR,DMT,Titular,A,0,0,,0
712-2023-297 PA DMT Titular A de CUVALLES,297,2023,CUVALLES,DMT,Titular,A,0,0,,0
712-2023-298 PA DMT Titular A de CUNORTE,298,2023,CUNORTE,DMT,Titular,A,0,0,,0
712-2023-299 PA DMT Titular A de CULAGOS,299,2023,CULAGOS,DMT,Titular,A,0,0,,0
712-2023-300 PA DMT Titular A de CUTONALÁ,300,2023,CUTONALÁ,DMT,Titular,A,0,0,,0
712-2023-301 PA DMT Titular A de CUTLAJOMULCO,301,2023,CUTLAJOMULCO,DMT,Titular,A,0,0,,0
712-2023-302 PA DMT Titular A de SUV,302,2023,SUV,DMT,Titular,A,0,0,,0
712-2023-303 PA DMT Titular A de SEMS,303,2023,SEMS,DMT,Titular,A,8,5,,13
712-2023-304 PA DMT Titular A de AG,304,2023,AG,DMT,Titular,A,0,0,,0
712-2023-305 PA DMT Titular B de CUCEA,305,2023,CUCEA,DMT,Titular,B,0,0,,0
712-2023-306 PA DMT Titular B de CUCEI,306,2023,CUCEI,DMT,Titular,B,0,0,,0
712-2023-307 PA DMT Titular B de CUCSH,307,2023,CUCSH,DMT,Titular,B,0,0,,0
712-2023-308 PA DMT Titular B de CUCS,308,2023,CUCS,DMT,Titular,B,0,0,,0
712-2023-309 PA DMT Titular B de CUAAD,309,2023,CUAAD,DMT,Titular,B,0,0,,0
712-2023-310 PA DMT Titular B de CUCBA,310,2023,CUCBA,DMT,Titular,B,1,0,,1
712-2023-311 PA DMT Titular B de CUALTOS,311,2023,CUALTOS,DMT,Titular,B,1,0,,1
712-2023-312 PA DMT Titular B de CUCIÉNEGA,312,2023,CUCIÉNEGA,DMT,Titular,B,0,0,,0
712-2023-313 PA DMT Titular B de CUSUR,313,2023,CUSUR,DMT,Titular,B,0,0,,0
712-2023-314 PA DMT Titular B de CUCOSTA,314,2023,CUCOSTA,DMT,Titular,B,0,0,,0
712-2023-315 PA DMT Titular B de CUCOSTASUR,315,2023,CUCOSTASUR,DMT,Titular,B,0,0,,0
712-2023-316 PA DMT Titular B de CUVALLES,316,2023,CUVALLES,DMT,Titular,B,0,0,,0
712-2023-317 PA DMT Titular B de CUNORTE,317,2023,CUNORTE,DMT,Titular,B,0,0,,0
712-2023-318 PA DMT Titular B de CULAGOS,318,2023,CULAGOS,DMT,Titular,B,0,0,,0
712-2023-319 PA DMT Titular B de CUTONALÁ,319,2023,CUTONALÁ,DMT,Titular,B,0,0,,0
712-2023-320 PA DMT Titular B de CUTLAJOMULCO,320,2023,CUTLAJOMULCO,DMT,Titular,B,0,0,,0
712-2023-321 PA DMT Titular B de SUV,321,2023,SUV,DMT,Titular,B,0,0,,0
712-2023-322 PA DMT Titular B de SEMS,322,2023,SEMS,DMT,Titular,B,2,1,,3
712-2023-323 PA DMT Titular B de AG,323,2023,AG,DMT,Titular,B,0,0,,0
712-2023-324 PA DMT Titular C de CUCEA,324,2023,CUCEA,DMT,Titular,C,0,0,,0
712-2023-325 PA DMT Titular C de CUCEI,325,2023,CUCEI,DMT,Titular,C,0,0,,0
712-2023-326 PA DMT Titular C de CUCSH,326,2023,CUCSH,DMT,Titular,C,1,0,,1
712-2023-327 PA DMT Titular C de CUCS,327,2023,CUCS,DMT,Titular,C,0,0,,0
712-2023-328 PA DMT Titular C de CUAAD,328,2023,CUAAD,DMT,Titular,C,0,0,,0
712-2023-329 PA DMT Titular C de CUCBA,329,2023,CUCBA,DMT,Titular,C,0,0,,0
712-2023-330 PA DMT Titular C de CUALTOS,330,2023,CUALTOS,DMT,Titular,C,0,0,,0
712-2023-331 PA DMT Titular C de CUCIÉNEGA,331,2023,CUCIÉNEGA,DMT,Titular,C,0,0,,0
712-2023-332 PA DMT Titular C de CUSUR,332,2023,CUSUR,DMT,Titular,C,0,0,,0
712-2023-333 PA DMT Titular C de CUCOSTA,333,2023,CUCOSTA,DMT,Titular,C,0,0,,0
712-2023-334 PA DMT Titular C de CUCOSTASUR,334,2023,CUCOSTASUR,DMT,Titular,C,0,0,,0
712-2023-335 PA DMT Titular C de CUVALLES,335,2023,CUVALLES,DMT,Titular,C,0,0,,0
712-2023-336 PA DMT Titular C de CUNORTE,336,2023,CUNORTE,DMT,Titular,C,0,0,,0
712-2023-337 PA DMT Titular C de CULAGOS,337,2023,CULAGOS,DMT,Titular,C,0,0,,0
712-2023-338 PA DMT Titular C de CUTONALÁ,338,2023,CUTONALÁ,DMT,Titular,C,0,0,,0
712-2023-339 PA DMT Titular C de CUTLAJOMULCO,339,2023,CUTLAJOMULCO,DMT,Titular,C,0,0,,0
712-2023-340 PA DMT Titular C de SUV,340,2023,SUV,DMT,Titular,C,0,0,,0
712-2023-341 PA DMT Titular C de SEMS,341,2023,SEMS,DMT,Titular,C,1,0,,1
712-2023-342 PA DMT Titular C de AG,342,2023,AG,DMT,Titular,C,0,0,,0
712-2023-343 PA ITC Asistente A de CUCEA,343,2023,CUCEA,ITC,Asistente,A,0,0,,0
712-2023-344 PA ITC Asistente A de CUCEI,344,2023,CUCEI,ITC,Asistente,A,0,0,,0
712-2023-345 PA ITC Asistente A de CUCSH,345,2023,CUCSH,ITC,Asistente,A,0,0,,0
712-2023-346 PA ITC Asistente A de CUCS,346,2023,CUCS,ITC,Asistente,A,0,0,,0
712-2023-347 PA ITC Asistente A de CUAAD,347,2023,CUAAD,ITC,Asistente,A,1,0,,1
712-2023-348 PA ITC Asistente A de CUCBA,348,2023,CUCBA,ITC,Asistente,A,0,0,,0
712-2023-349 PA ITC Asistente A de CUALTOS,349,2023,CUALTOS,ITC,Asistente,A,0,0,,0
712-2023-350 PA ITC Asistente A de CUCIÉNEGA,350,2023,CUCIÉNEGA,ITC,Asistente,A,0,0,,0
712-2023-351 PA ITC Asistente A de CUSUR,351,2023,CUSUR,ITC,Asistente,A,0,0,,0
712-2023-352 PA ITC Asistente A de CUCOSTA,352,2023,CUCOSTA,ITC,Asistente,A,0,0,,0
712-2023-353 PA ITC Asistente A de CUCOSTASUR,353,2023,CUCOSTASUR,ITC,Asistente,A,0,0,,0
712-2023-354 PA ITC Asistente A de CUVALLES,354,2023,CUVALLES,ITC,Asistente,A,0,0,,0
712-2023-355 PA ITC Asistente A de CUNORTE,355,2023,CUNORTE,ITC,Asistente,A,0,0,,0
712-2023-356 PA ITC Asistente A de CULAGOS,356,2023,CULAGOS,ITC,Asistente,A,0,0,,0
712-2023-357 PA ITC Asistente A de CUTONALÁ,357,2023,CUTONALÁ,ITC,Asistente,A,0,0,,0
712-2023-358 PA ITC Asistente A de CUTLAJOMULCO,358,2023,CUTLAJOMULCO,ITC,Asistente,A,0,0,,0
712-2023-359 PA ITC Asistente A de SUV,359,2023,SUV,ITC,Asistente,A,0,0,,0
712-2023-360 PA ITC Asistente A de SEMS,360,2023,SEMS,ITC,Asistente,A,0,0,,0
712-2023-361 PA ITC Asistente A de AG,361,2023,AG,ITC,Asistente,A,0,0,,0
712-2023-362 PA ITC Asistente B de CUCEA,362,2023,CUCEA,ITC,Asistente,B,0,0,,0
712-2023-363 PA ITC Asistente B de CUCEI,363,2023,CUCEI,ITC,Asistente,B,1,1,,2
712-2023-364 PA ITC Asistente B de CUCSH,364,2023,CUCSH,ITC,Asistente,B,0,0,,0
712-2023-365 PA ITC Asistente B de CUCS,365,2023,CUCS,ITC,Asistente,B,1,0,,1
712-2023-366 PA ITC Asistente B de CUAAD,366,2023,CUAAD,ITC,Asistente,B,0,0,,0
712-2023-367 PA ITC Asistente B de CUCBA,367,2023,CUCBA,ITC,Asistente,B,0,0,,0
712-2023-368 PA ITC Asistente B de CUALTOS,368,2023,CUALTOS,ITC,Asistente,B,1,1,,2
712-2023-369 PA ITC Asistente B de CUCIÉNEGA,369,2023,CUCIÉNEGA,ITC,Asistente,B,0,0,,0
712-2023-370 PA ITC Asistente B de CUSUR,370,2023,CUSUR,ITC,Asistente,B,0,0,,0
712-2023-371 PA ITC Asistente B de CUCOSTA,371,2023,CUCOSTA,ITC,Asistente,B,0,0,,0
712-2023-372 PA ITC Asistente B de CUCOSTASUR,372,2023,CUCOSTASUR,ITC,Asistente,B,0,0,,0
712-2023-373 PA ITC Asistente B de CUVALLES,373,2023,CUVALLES,ITC,Asistente,B,0,0,,0
712-2023-374 PA ITC Asistente B de CUNORTE,374,2023,CUNORTE,ITC,Asistente,B,0,0,,0
712-2023-375 PA ITC Asistente B de CULAGOS,375,2023,CULAGOS,ITC,Asistente,B,0,0,,0
712-2023-376 PA ITC Asistente B de CUTONALÁ,376,2023,CUTONALÁ,ITC,Asistente,B,0,0,,0
712-2023-377 PA ITC Asistente B de CUTLAJOMULCO,377,2023,CUTLAJOMULCO,ITC,Asistente,B,0,0,,0
712-2023-378 PA ITC Asistente B de SUV,378,2023,SUV,ITC,Asistente,B,0,0,,0
712-2023-379 PA ITC Asistente B de SEMS,379,2023,SEMS,ITC,Asistente,B,0,1,,1
712-2023-380 PA ITC Asistente B de AG,380,2023,AG,ITC,Asistente,B,0,0,,0
712-2023-381 PA ITC Asistente C de CUCEA,381,2023,CUCEA,ITC,Asistente,C,1,3,,4
712-2023-382 PA ITC Asistente C de CUCEI,382,2023,CUCEI,ITC,Asistente,C,0,2,,2
712-2023-383 PA ITC Asistente C de CUCSH,383,2023,CUCSH,ITC,Asistente,C,1,1,,2
712-2023-384 PA ITC Asistente C de CUCS,384,2023,CUCS,ITC,Asistente,C,1,1,,2
712-2023-385 PA ITC Asistente C de CUAAD,385,2023,CUAAD,ITC,Asistente,C,0,2,,2
712-2023-386 PA ITC Asistente C de CUCBA,386,2023,CUCBA,ITC,Asistente,C,0,1,,1
712-2023-387 PA ITC Asistente C de CUALTOS,387,2023,CUALTOS,ITC,Asistente,C,0,1,,1
712-2023-388 PA ITC Asistente C de CUCIÉNEGA,388,2023,CUCIÉNEGA,ITC,Asistente,C,2,2,,4
712-2023-389 PA ITC Asistente C de CUSUR,389,2023,CUSUR,ITC,Asistente,C,0,0,,0
712-2023-390 PA ITC Asistente C de CUCOSTA,390,2023,CUCOSTA,ITC,Asistente,C,1,1,,2
712-2023-391 PA ITC Asistente C de CUCOSTASUR,391,2023,CUCOSTASUR,ITC,Asistente,C,0,1,,1
712-2023-392 PA ITC Asistente C de CUVALLES,392,2023,CUVALLES,ITC,Asistente,C,0,0,,0
712-2023-393 PA ITC Asistente C de CUNORTE,393,2023,CUNORTE,ITC,Asistente,C,1,0,,1
712-2023-394 PA ITC Asistente C de CULAGOS,394,2023,CULAGOS,ITC,Asistente,C,0,0,,0
712-2023-395 PA ITC Asistente C de CUTONALÁ,395,2023,CUTONALÁ,ITC,Asistente,C,0,0,,0
712-2023-396 PA ITC Asistente C de CUTLAJOMULCO,396,2023,CUTLAJOMULCO,ITC,Asistente,C,0,0,,0
712-2023-397 PA ITC Asistente C de SUV,397,2023,SUV,ITC,Asistente,C,0,1,,1
712-2023-398 PA ITC Asistente C de SEMS,398,2023,SEMS,ITC,Asistente,C,1,1,,2
712-2023-399 PA ITC Asistente C de AG,399,2023,AG,ITC,Asistente,C,0,0,,0
712-2023-400 PA ITC Asociado A de CUCEA,400,2023,CUCEA,ITC,Asociado,A,13,18,,31
712-2023-401 PA ITC Asociado A de CUCEI,401,2023,CUCEI,ITC,Asociado,A,20,17,,37
712-2023-402 PA ITC Asociado A de CUCSH,402,2023,CUCSH,ITC,Asociado,A,20,19,,39
712-2023-403 PA ITC Asociado A de CUCS,403,2023,CUCS,ITC,Asociado,A,18,20,,38
712-2023-404 PA ITC Asociado A de CUAAD,404,2023,CUAAD,ITC,Asociado,A,8,9,,17
712-2023-405 PA ITC Asociado A de CUCBA,405,2023,CUCBA,ITC,Asociado,A,9,3,,12
712-2023-406 PA ITC Asociado A de CUALTOS,406,2023,CUALTOS,ITC,Asociado,A,4,4,,8
712-2023-407 PA ITC Asociado A de CUCIÉNEGA,407,2023,CUCIÉNEGA,ITC,Asociado,A,5,10,,15
712-2023-408 PA ITC Asociado A de CUSUR,408,2023,CUSUR,ITC,Asociado,A,3,4,,7
712-2023-409 PA ITC Asociado A de CUCOSTA,409,2023,CUCOSTA,ITC,Asociado,A,6,5,,11
712-2023-410 PA ITC Asociado A de CUCOSTASUR,410,2023,CUCOSTASUR,ITC,Asociado,A,6,9,,15
712-2023-411 PA ITC Asociado A de CUVALLES,411,2023,CUVALLES,ITC,Asociado,A,3,4,,7
712-2023-412 PA ITC Asociado A de CUNORTE,412,2023,CUNORTE,ITC,Asociado,A,1,2,,3
712-2023-413 PA ITC Asociado A de CULAGOS,413,2023,CULAGOS,ITC,Asociado,A,3,4,,7
712-2023-414 PA ITC Asociado A de CUTONALÁ,414,2023,CUTONALÁ,ITC,Asociado,A,7,3,,10
712-2023-415 PA ITC Asociado A de CUTLAJOMULCO,415,2023,CUTLAJOMULCO,ITC,Asociado,A,3,3,,6
712-2023-416 PA ITC Asociado A de SUV,416,2023,SUV,ITC,Asociado,A,1,4,,5
712-2023-417 PA ITC Asociado A de SEMS,417,2023,SEMS,ITC,Asociado,A,0,0,,0
712-2023-418 PA ITC Asociado A de AG,418,2023,AG,ITC,Asociado,A,0,0,,0
712-2023-419 PA ITC Asociado B de CUCEA,419,2023,CUCEA,ITC,Asociado,B,26,13,,39
712-2023-420 PA ITC Asociado B de CUCEI,420,2023,CUCEI,ITC,Asociado,B,27,15,,42
712-2023-421 PA ITC Asociado B de CUCSH,421,2023,CUCSH,ITC,Asociado,B,23,19,,42
712-2023-422 PA ITC Asociado B de CUCS,422,2023,CUCS,ITC,Asociado,B,27,26,,53
712-2023-423 PA ITC Asociado B de CUAAD,423,2023,CUAAD,ITC,Asociado,B,8,8,,16
712-2023-424 PA ITC Asociado B de CUCBA,424,2023,CUCBA,ITC,Asociado,B,11,6,,17
712-2023-425 PA ITC Asociado B de CUALTOS,425,2023,CUALTOS,ITC,Asociado,B,5,10,,15
712-2023-426 PA ITC Asociado B de CUCIÉNEGA,426,2023,CUCIÉNEGA,ITC,Asociado,B,16,15,,31
712-2023-427 PA ITC Asociado B de CUSUR,427,2023,CUSUR,ITC,Asociado,B,9,8,,17
712-2023-428 PA ITC Asociado B de CUCOSTA,428,2023,CUCOSTA,ITC,Asociado,B,5,7,,12
712-2023-429 PA ITC Asociado B de CUCOSTASUR,429,2023,CUCOSTASUR,ITC,Asociado,B,10,5,,15
712-2023-430 PA ITC Asociado B de CUVALLES,430,2023,CUVALLES,ITC,Asociado,B,12,8,,20
712-2023-431 PA ITC Asociado B de CUNORTE,431,2023,CUNORTE,ITC,Asociado,B,3,4,,7
712-2023-432 PA ITC Asociado B de CULAGOS,432,2023,CULAGOS,ITC,Asociado,B,7,5,,12
712-2023-433 PA ITC Asociado B de CUTONALÁ,433,2023,CUTONALÁ,ITC,Asociado,B,18,16,,34
712-2023-434 PA ITC Asociado B de CUTLAJOMULCO,434,2023,CUTLAJOMULCO,ITC,Asociado,B,2,0,,2
712-2023-435 PA ITC Asociado B de SUV,435,2023,SUV,ITC,Asociado,B,6,9,,15
712-2023-436 PA ITC Asociado B de SEMS,436,2023,SEMS,ITC,Asociado,B,0,1,,1
712-2023-437 PA ITC Asociado B de AG,437,2023,AG,ITC,Asociado,B,0,0,,0
712-2023-438 PA ITC Asociado C de CUCEA,438,2023,CUCEA,ITC,Asociado,C,15,16,,31
712-2023-439 PA ITC Asociado C de CUCEI,439,2023,CUCEI,ITC,Asociado,C,27,15,,42
712-2023-440 PA ITC Asociado C de CUCSH,440,2023,CUCSH,ITC,Asociado,C,21,31,,52
712-2023-441 PA ITC Asociado C de CUCS,441,2023,CUCS,ITC,Asociado,C,22,25,,47
712-2023-442 PA ITC Asociado C de CUAAD,442,2023,CUAAD,ITC,Asociado,C,5,5,,10
712-2023-443 PA ITC Asociado C de CUCBA,443,2023,CUCBA,ITC,Asociado,C,5,10,,15
712-2023-444 PA ITC Asociado C de CUALTOS,444,2023,CUALTOS,ITC,Asociado,C,7,3,,10
712-2023-445 PA ITC Asociado C de CUCIÉNEGA,445,2023,CUCIÉNEGA,ITC,Asociado,C,7,8,,15
712-2023-446 PA ITC Asociado C de CUSUR,446,2023,CUSUR,ITC,Asociado,C,5,7,,12
712-2023-447 PA ITC Asociado C de CUCOSTA,447,2023,CUCOSTA,ITC,Asociado,C,5,11,,16
712-2023-448 PA ITC Asociado C de CUCOSTASUR,448,2023,CUCOSTASUR,ITC,Asociado,C,7,2,,9
712-2023-449 PA ITC Asociado C de CUVALLES,449,2023,CUVALLES,ITC,Asociado,C,16,9,,25
712-2023-450 PA ITC Asociado C de CUNORTE,450,2023,CUNORTE,ITC,Asociado,C,6,6,,12
712-2023-451 PA ITC Asociado C de CULAGOS,451,2023,CULAGOS,ITC,Asociado,C,9,8,,17
712-2023-452 PA ITC Asociado C de CUTONALÁ,452,2023,CUTONALÁ,ITC,Asociado,C,9,5,,14
712-2023-453 PA ITC Asociado C de CUTLAJOMULCO,453,2023,CUTLAJOMULCO,ITC,Asociado,C,2,0,,2
712-2023-454 PA ITC Asociado C de SUV,454,2023,SUV,ITC,Asociado,C,4,6,,10
712-2023-455 PA ITC Asociado C de SEMS,455,2023,SEMS,ITC,Asociado,C,0,0,,0
712-2023-456 PA ITC Asociado C de AG,456,2023,AG,ITC,Asociado,C,0,0,,0
712-2023-457 PA ITC Titular A de CUCEA,457,2023,CUCEA,ITC,Titular,A,34,17,,51
712-2023-458 PA ITC Titular A de CUCEI,458,2023,CUCEI,ITC,Titular,A,86,49,,135
712-2023-459 PA ITC Titular A de CUCSH,459,2023,CUCSH,ITC,Titular,A,40,34,,74
712-2023-460 PA ITC Titular A de CUCS,460,2023,CUCS,ITC,Titular,A,27,47,,74
712-2023-461 PA ITC Titular A de CUAAD,461,2023,CUAAD,ITC,Titular,A,18,16,,34
712-2023-462 PA ITC Titular A de CUCBA,462,2023,CUCBA,ITC,Titular,A,20,23,,43
712-2023-463 PA ITC Titular A de CUALTOS,463,2023,CUALTOS,ITC,Titular,A,13,9,,22
712-2023-464 PA ITC Titular A de CUCIÉNEGA,464,2023,CUCIÉNEGA,ITC,Titular,A,17,13,,30
712-2023-465 PA ITC Titular A de CUSUR,465,2023,CUSUR,ITC,Titular,A,12,21,,33
712-2023-466 PA ITC Titular A de CUCOSTA,466,2023,CUCOSTA,ITC,Titular,A,18,12,,30
712-2023-467 PA ITC Titular A de CUCOSTASUR,467,2023,CUCOSTASUR,ITC,Titular,A,27,19,,46
712-2023-468 PA ITC Titular A de CUVALLES,468,2023,CUVALLES,ITC,Titular,A,23,16,,39
712-2023-469 PA ITC Titular A de CUNORTE,469,2023,CUNORTE,ITC,Titular,A,11,12,,23
712-2023-470 PA ITC Titular A de CULAGOS,470,2023,CULAGOS,ITC,Titular,A,12,5,,17
712-2023-471 PA ITC Titular A de CUTONALÁ,471,2023,CUTONALÁ,ITC,Titular,A,28,23,,51
712-2023-472 PA ITC Titular A de CUTLAJOMULCO,472,2023,CUTLAJOMULCO,ITC,Titular,A,0,1,,1
712-2023-473 PA ITC Titular A de SUV,473,2023,SUV,ITC,Titular,A,8,16,,24
712-2023-474 PA ITC Titular A de SEMS,474,2023,SEMS,ITC,Titular,A,1,0,,1
712-2023-475 PA ITC Titular A de AG,475,2023,AG,ITC,Titular,A,0,0,,0
712-2023-476 PA ITC Titular B de CUCEA,476,2023,CUCEA,ITC,Titular,B,15,21,,36
712-2023-477 PA ITC Titular B de CUCEI,477,2023,CUCEI,ITC,Titular,B,30,16,,46
712-2023-478 PA ITC Titular B de CUCSH,478,2023,CUCSH,ITC,Titular,B,24,31,,55
712-2023-479 PA ITC Titular B de CUCS,479,2023,CUCS,ITC,Titular,B,17,26,,43
712-2023-480 PA ITC Titular B de CUAAD,480,2023,CUAAD,ITC,Titular,B,6,10,,16
712-2023-481 PA ITC Titular B de CUCBA,481,2023,CUCBA,ITC,Titular,B,17,19,,36
712-2023-482 PA ITC Titular B de CUALTOS,482,2023,CUALTOS,ITC,Titular,B,3,4,,7
712-2023-483 PA ITC Titular B de CUCIÉNEGA,483,2023,CUCIÉNEGA,ITC,Titular,B,17,8,,25
712-2023-484 PA ITC Titular B de CUSUR,484,2023,CUSUR,ITC,Titular,B,7,5,,12
712-2023-485 PA ITC Titular B de CUCOSTA,485,2023,CUCOSTA,ITC,Titular,B,8,7,,15
712-2023-486 PA ITC Titular B de CUCOSTASUR,486,2023,CUCOSTASUR,ITC,Titular,B,7,1,,8
712-2023-487 PA ITC Titular B de CUVALLES,487,2023,CUVALLES,ITC,Titular,B,3,3,,6
712-2023-488 PA ITC Titular B de CUNORTE,488,2023,CUNORTE,ITC,Titular,B,5,3,,8
712-2023-489 PA ITC Titular B de CULAGOS,489,2023,CULAGOS,ITC,Titular,B,9,6,,15
712-2023-490 PA ITC Titular B de CUTONALÁ,490,2023,CUTONALÁ,ITC,Titular,B,3,1,,4
712-2023-491 PA ITC Titular B de CUTLAJOMULCO,491,2023,CUTLAJOMULCO,ITC,Titular,B,0,0,,0
712-2023-492 PA ITC Titular B de SUV,492,2023,SUV,ITC,Titular,B,4,4,,8
712-2023-493 PA ITC Titular B de SEMS,493,2023,SEMS,ITC,Titular,B,0,0,,0
712-2023-494 PA ITC Titular B de AG,494,2023,AG,ITC,Titular,B,0,0,,0
712-2023-495 PA ITC Titular C de CUCEA,495,2023,CUCEA,ITC,Titular,C,59,25,,84
712-2023-496 PA ITC Titular C de CUCEI,496,2023,CUCEI,ITC,Titular,C,84,20,,104
712-2023-497 PA ITC Titular C de CUCSH,497,2023,CUCSH,ITC,Titular,C,76,64,,140
712-2023-498 PA ITC Titular C de CUCS,498,2023,CUCS,ITC,Titular,C,53,54,,107
712-2023-499 PA ITC Titular C de CUAAD,499,2023,CUAAD,ITC,Titular,C,17,11,,28
712-2023-500 PA ITC Titular C de CUCBA,500,2023,CUCBA,ITC,Titular,C,63,34,,97
712-2023-501 PA ITC Titular C de CUALTOS,501,2023,CUALTOS,ITC,Titular,C,6,0,,6
712-2023-502 PA ITC Titular C de CUCIÉNEGA,502,2023,CUCIÉNEGA,ITC,Titular,C,11,6,,17
712-2023-503 PA ITC Titular C de CUSUR,503,2023,CUSUR,ITC,Titular,C,7,6,,13
712-2023-504 PA ITC Titular C de CUCOSTA,504,2023,CUCOSTA,ITC,Titular,C,17,7,,24
712-2023-505 PA ITC Titular C de CUCOSTASUR,505,2023,CUCOSTASUR,ITC,Titular,C,26,11,,37
712-2023-506 PA ITC Titular C de CUVALLES,506,2023,CUVALLES,ITC,Titular,C,5,1,,6
712-2023-507 PA ITC Titular C de CUNORTE,507,2023,CUNORTE,ITC,Titular,C,2,0,,2
712-2023-508 PA ITC Titular C de CULAGOS,508,2023,CULAGOS,ITC,Titular,C,6,1,,7
712-2023-509 PA ITC Titular C de CUTONALÁ,509,2023,CUTONALÁ,ITC,Titular,C,2,2,,4
712-2023-510 PA ITC Titular C de CUTLAJOMULCO,510,2023,CUTLAJOMULCO,ITC,Titular,C,0,0,,0
712-2023-511 PA ITC Titular C de SUV,511,2023,SUV,ITC,Titular,C,1,10,,11
712-2023-512 PA ITC Titular C de SEMS,512,2023,SEMS,ITC,Titular,C,0,0,,0
712-2023-513 PA ITC Titular C de AG,513,2023,AG,ITC,Titular,C,0,0,,0
712-2023-514 PA IMT Asistente A de CUCEA,514,2023,CUCEA,IMT,Asistente,A,0,0,,0
712-2023-515 PA IMT Asistente A de CUCEI,515,2023,CUCEI,IMT,Asistente,A,0,0,,0
712-2023-516 PA IMT Asistente A de CUCSH,516,2023,CUCSH,IMT,Asistente,A,0,0,,0
712-2023-517 PA IMT Asistente A de CUCS,517,2023,CUCS,IMT,Asistente,A,0,0,,0
712-2023-518 PA IMT Asistente A de CUAAD,518,2023,CUAAD,IMT,Asistente,A,0,0,,0
712-2023-519 PA IMT Asistente A de CUCBA,519,2023,CUCBA,IMT,Asistente,A,0,0,,0
712-2023-520 PA IMT Asistente A de CUALTOS,520,2023,CUALTOS,IMT,Asistente,A,0,0,,0
712-2023-521 PA IMT Asistente A de CUCIÉNEGA,521,2023,CUCIÉNEGA,IMT,Asistente,A,0,0,,0
712-2023-522 PA IMT Asistente A de CUSUR,522,2023,CUSUR,IMT,Asistente,A,0,0,,0
712-2023-523 PA IMT Asistente A de CUCOSTA,523,2023,CUCOSTA,IMT,Asistente,A,0,0,,0
712-2023-524 PA IMT Asistente A de CUCOSTASUR,524,2023,CUCOSTASUR,IMT,Asistente,A,0,0,,0
712-2023-525 PA IMT Asistente A de CUVALLES,525,2023,CUVALLES,IMT,Asistente,A,0,0,,0
712-2023-526 PA IMT Asistente A de CUNORTE,526,2023,CUNORTE,IMT,Asistente,A,0,0,,0
712-2023-527 PA IMT Asistente A de CULAGOS,527,2023,CULAGOS,IMT,Asistente,A,0,0,,0
712-2023-528 PA IMT Asistente A de CUTONALÁ,528,2023,CUTONALÁ,IMT,Asistente,A,0,0,,0
712-2023-529 PA IMT Asistente A de CUTLAJOMULCO,529,2023,CUTLAJOMULCO,IMT,Asistente,A,0,0,,0
712-2023-530 PA IMT Asistente A de SUV,530,2023,SUV,IMT,Asistente,A,0,0,,0
712-2023-531 PA IMT Asistente A de SEMS,531,2023,SEMS,IMT,Asistente,A,0,0,,0
712-2023-532 PA IMT Asistente A de AG,532,2023,AG,IMT,Asistente,A,0,0,,0
712-2023-533 PA IMT Asistente B de CUCEA,533,2023,CUCEA,IMT,Asistente,B,0,0,,0
712-2023-534 PA IMT Asistente B de CUCEI,534,2023,CUCEI,IMT,Asistente,B,0,0,,0
712-2023-535 PA IMT Asistente B de CUCSH,535,2023,CUCSH,IMT,Asistente,B,0,0,,0
712-2023-536 PA IMT Asistente B de CUCS,536,2023,CUCS,IMT,Asistente,B,0,0,,0
712-2023-537 PA IMT Asistente B de CUAAD,537,2023,CUAAD,IMT,Asistente,B,0,0,,0
712-2023-538 PA IMT Asistente B de CUCBA,538,2023,CUCBA,IMT,Asistente,B,0,0,,0
712-2023-539 PA IMT Asistente B de CUALTOS,539,2023,CUALTOS,IMT,Asistente,B,0,0,,0
712-2023-540 PA IMT Asistente B de CUCIÉNEGA,540,2023,CUCIÉNEGA,IMT,Asistente,B,0,0,,0
712-2023-541 PA IMT Asistente B de CUSUR,541,2023,CUSUR,IMT,Asistente,B,0,0,,0
712-2023-542 PA IMT Asistente B de CUCOSTA,542,2023,CUCOSTA,IMT,Asistente,B,0,0,,0
712-2023-543 PA IMT Asistente B de CUCOSTASUR,543,2023,CUCOSTASUR,IMT,Asistente,B,0,0,,0
712-2023-544 PA IMT Asistente B de CUVALLES,544,2023,CUVALLES,IMT,Asistente,B,0,0,,0
712-2023-545 PA IMT Asistente B de CUNORTE,545,2023,CUNORTE,IMT,Asistente,B,0,0,,0
712-2023-546 PA IMT Asistente B de CULAGOS,546,2023,CULAGOS,IMT,Asistente,B,0,0,,0
712-2023-547 PA IMT Asistente B de CUTONALÁ,547,2023,CUTONALÁ,IMT,Asistente,B,0,0,,0
712-2023-548 PA IMT Asistente B de CUTLAJOMULCO,548,2023,CUTLAJOMULCO,IMT,Asistente,B,0,0,,0
712-2023-549 PA IMT Asistente B de SUV,549,2023,SUV,IMT,Asistente,B,0,0,,0
712-2023-550 PA IMT Asistente B de SEMS,550,2023,SEMS,IMT,Asistente,B,0,0,,0
712-2023-551 PA IMT Asistente B de AG,551,2023,AG,IMT,Asistente,B,0,0,,0
712-2023-552 PA IMT Asistente C de CUCEA,552,2023,CUCEA,IMT,Asistente,C,0,0,,0
712-2023-553 PA IMT Asistente C de CUCEI,553,2023,CUCEI,IMT,Asistente,C,0,0,,0
712-2023-554 PA IMT Asistente C de CUCSH,554,2023,CUCSH,IMT,Asistente,C,0,0,,0
712-2023-555 PA IMT Asistente C de CUCS,555,2023,CUCS,IMT,Asistente,C,0,0,,0
712-2023-556 PA IMT Asistente C de CUAAD,556,2023,CUAAD,IMT,Asistente,C,0,0,,0
712-2023-557 PA IMT Asistente C de CUCBA,557,2023,CUCBA,IMT,Asistente,C,0,0,,0
712-2023-558 PA IMT Asistente C de CUALTOS,558,2023,CUALTOS,IMT,Asistente,C,0,0,,0
712-2023-559 PA IMT Asistente C de CUCIÉNEGA,559,2023,CUCIÉNEGA,IMT,Asistente,C,0,0,,0
712-2023-560 PA IMT Asistente C de CUSUR,560,2023,CUSUR,IMT,Asistente,C,0,0,,0
712-2023-561 PA IMT Asistente C de CUCOSTA,561,2023,CUCOSTA,IMT,Asistente,C,0,0,,0
712-2023-562 PA IMT Asistente C de CUCOSTASUR,562,2023,CUCOSTASUR,IMT,Asistente,C,0,0,,0
712-2023-563 PA IMT Asistente C de CUVALLES,563,2023,CUVALLES,IMT,Asistente,C,0,0,,0
712-2023-564 PA IMT Asistente C de CUNORTE,564,2023,CUNORTE,IMT,Asistente,C,0,0,,0
712-2023-565 PA IMT Asistente C de CULAGOS,565,2023,CULAGOS,IMT,Asistente,C,0,0,,0
712-2023-566 PA IMT Asistente C de CUTONALÁ,566,2023,CUTONALÁ,IMT,Asistente,C,0,0,,0
712-2023-567 PA IMT Asistente C de CUTLAJOMULCO,567,2023,CUTLAJOMULCO,IMT,Asistente,C,0,0,,0
712-2023-568 PA IMT Asistente C de SUV,568,2023,SUV,IMT,Asistente,C,0,0,,0
712-2023-569 PA IMT Asistente C de SEMS,569,2023,SEMS,IMT,Asistente,C,0,0,,0
712-2023-570 PA IMT Asistente C de AG,570,2023,AG,IMT,Asistente,C,0,0,,0
712-2023-571 PA IMT Asociado A de CUCEA,571,2023,CUCEA,IMT,Asociado,A,0,0,,0
712-2023-572 PA IMT Asociado A de CUCEI,572,2023,CUCEI,IMT,Asociado,A,0,0,,0
712-2023-573 PA IMT Asociado A de CUCSH,573,2023,CUCSH,IMT,Asociado,A,0,0,,0
712-2023-574 PA IMT Asociado A de CUCS,574,2023,CUCS,IMT,Asociado,A,0,1,,1
712-2023-575 PA IMT Asociado A de CUAAD,575,2023,CUAAD,IMT,Asociado,A,0,0,,0
712-2023-576 PA IMT Asociado A de CUCBA,576,2023,CUCBA,IMT,Asociado,A,0,0,,0
712-2023-577 PA IMT Asociado A de CUALTOS,577,2023,CUALTOS,IMT,Asociado,A,0,0,,0
712-2023-578 PA IMT Asociado A de CUCIÉNEGA,578,2023,CUCIÉNEGA,IMT,Asociado,A,0,0,,0
712-2023-579 PA IMT Asociado A de CUSUR,579,2023,CUSUR,IMT,Asociado,A,0,0,,0
712-2023-580 PA IMT Asociado A de CUCOSTA,580,2023,CUCOSTA,IMT,Asociado,A,0,0,,0
712-2023-581 PA IMT Asociado A de CUCOSTASUR,581,2023,CUCOSTASUR,IMT,Asociado,A,0,0,,0
712-2023-582 PA IMT Asociado A de CUVALLES,582,2023,CUVALLES,IMT,Asociado,A,0,0,,0
712-2023-583 PA IMT Asociado A de CUNORTE,583,2023,CUNORTE,IMT,Asociado,A,0,0,,0
712-2023-584 PA IMT Asociado A de CULAGOS,584,2023,CULAGOS,IMT,Asociado,A,0,0,,0
712-2023-585 PA IMT Asociado A de CUTONALÁ,585,2023,CUTONALÁ,IMT,Asociado,A,0,0,,0
712-2023-586 PA IMT Asociado A de CUTLAJOMULCO,586,2023,CUTLAJOMULCO,IMT,Asociado,A,0,0,,0
712-2023-587 PA IMT Asociado A de SUV,587,2023,SUV,IMT,Asociado,A,0,0,,0
712-2023-588 PA IMT Asociado A de SEMS,588,2023,SEMS,IMT,Asociado,A,0,0,,0
712-2023-589 PA IMT Asociado A de AG,589,2023,AG,IMT,Asociado,A,0,0,,0
712-2023-590 PA IMT Asociado B de CUCEA,590,2023,CUCEA,IMT,Asociado,B,0,0,,0
712-2023-591 PA IMT Asociado B de CUCEI,591,2023,CUCEI,IMT,Asociado,B,0,0,,0
712-2023-592 PA IMT Asociado B de CUCSH,592,2023,CUCSH,IMT,Asociado,B,0,0,,0
712-2023-593 PA IMT Asociado B de CUCS,593,2023,CUCS,IMT,Asociado,B,1,0,,1
712-2023-594 PA IMT Asociado B de CUAAD,594,2023,CUAAD,IMT,Asociado,B,0,0,,0
712-2023-595 PA IMT Asociado B de CUCBA,595,2023,CUCBA,IMT,Asociado,B,0,0,,0
712-2023-596 PA IMT Asociado B de CUALTOS,596,2023,CUALTOS,IMT,Asociado,B,0,0,,0
712-2023-597 PA IMT Asociado B de CUCIÉNEGA,597,2023,CUCIÉNEGA,IMT,Asociado,B,0,0,,0
712-2023-598 PA IMT Asociado B de CUSUR,598,2023,CUSUR,IMT,Asociado,B,1,0,,1
712-2023-599 PA IMT Asociado B de CUCOSTA,599,2023,CUCOSTA,IMT,Asociado,B,0,0,,0
712-2023-600 PA IMT Asociado B de CUCOSTASUR,600,2023,CUCOSTASUR,IMT,Asociado,B,0,0,,0
712-2023-601 PA IMT Asociado B de CUVALLES,601,2023,CUVALLES,IMT,Asociado,B,0,0,,0
712-2023-602 PA IMT Asociado B de CUNORTE,602,2023,CUNORTE,IMT,Asociado,B,0,0,,0
712-2023-603 PA IMT Asociado B de CULAGOS,603,2023,CULAGOS,IMT,Asociado,B,0,0,,0
712-2023-604 PA IMT Asociado B de CUTONALÁ,604,2023,CUTONALÁ,IMT,Asociado,B,0,0,,0
712-2023-605 PA IMT Asociado B de CUTLAJOMULCO,605,2023,CUTLAJOMULCO,IMT,Asociado,B,0,0,,0
712-2023-606 PA IMT Asociado B de SUV,606,2023,SUV,IMT,Asociado,B,0,0,,0
712-2023-607 PA IMT Asociado B de SEMS,607,2023,SEMS,IMT,Asociado,B,0,0,,0
712-2023-608 PA IMT Asociado B de AG,608,2023,AG,IMT,Asociado,B,0,0,,0
712-2023-609 PA IMT Asociado C de CUCEA,609,2023,CUCEA,IMT,Asociado,C,0,0,,0
712-2023-610 PA IMT Asociado C de CUCEI,610,2023,CUCEI,IMT,Asociado,C,0,1,,1
712-2023-611 PA IMT Asociado C de CUCSH,611,2023,CUCSH,IMT,Asociado,C,0,0,,0
712-2023-612 PA IMT Asociado C de CUCS,612,2023,CUCS,IMT,Asociado,C,0,0,,0
712-2023-613 PA IMT Asociado C de CUAAD,613,2023,CUAAD,IMT,Asociado,C,0,0,,0
712-2023-614 PA IMT Asociado C de CUCBA,614,2023,CUCBA,IMT,Asociado,C,0,0,,0
712-2023-615 PA IMT Asociado C de CUALTOS,615,2023,CUALTOS,IMT,Asociado,C,0,0,,0
712-2023-616 PA IMT Asociado C de CUCIÉNEGA,616,2023,CUCIÉNEGA,IMT,Asociado,C,0,0,,0
712-2023-617 PA IMT Asociado C de CUSUR,617,2023,CUSUR,IMT,Asociado,C,0,0,,0
712-2023-618 PA IMT Asociado C de CUCOSTA,618,2023,CUCOSTA,IMT,Asociado,C,0,0,,0
712-2023-619 PA IMT Asociado C de CUCOSTASUR,619,2023,CUCOSTASUR,IMT,Asociado,C,0,0,,0
712-2023-620 PA IMT Asociado C de CUVALLES,620,2023,CUVALLES,IMT,Asociado,C,0,0,,0
712-2023-621 PA IMT Asociado C de CUNORTE,621,2023,CUNORTE,IMT,Asociado,C,0,0,,0
712-2023-622 PA IMT Asociado C de CULAGOS,622,2023,CULAGOS,IMT,Asociado,C,0,0,,0
712-2023-623 PA IMT Asociado C de CUTONALÁ,623,2023,CUTONALÁ,IMT,Asociado,C,0,0,,0
712-2023-624 PA IMT Asociado C de CUTLAJOMULCO,624,2023,CUTLAJOMULCO,IMT,Asociado,C,0,0,,0
712-2023-625 PA IMT Asociado C de SUV,625,2023,SUV,IMT,Asociado,C,0,0,,0
712-2023-626 PA IMT Asociado C de SEMS,626,2023,SEMS,IMT,Asociado,C,0,0,,0
712-2023-627 PA IMT Asociado C de AG,627,2023,AG,IMT,Asociado,C,0,0,,0
712-2023-628 PA IMT Titular A de CUCEA,628,2023,CUCEA,IMT,Titular,A,0,0,,0
712-2023-629 PA IMT Titular A de CUCEI,629,2023,CUCEI,IMT,Titular,A,0,0,,0
712-2023-630 PA IMT Titular A de CUCSH,630,2023,CUCSH,IMT,Titular,A,1,0,,1
712-2023-631 PA IMT Titular A de CUCS,631,2023,CUCS,IMT,Titular,A,1,1,,2
712-2023-632 PA IMT Titular A de CUAAD,632,2023,CUAAD,IMT,Titular,A,0,0,,0
712-2023-633 PA IMT Titular A de CUCBA,633,2023,CUCBA,IMT,Titular,A,0,0,,0
712-2023-634 PA IMT Titular A de CUALTOS,634,2023,CUALTOS,IMT,Titular,A,0,0,,0
712-2023-635 PA IMT Titular A de CUCIÉNEGA,635,2023,CUCIÉNEGA,IMT,Titular,A,0,0,,0
712-2023-636 PA IMT Titular A de CUSUR,636,2023,CUSUR,IMT,Titular,A,0,0,,0
712-2023-637 PA IMT Titular A de CUCOSTA,637,2023,CUCOSTA,IMT,Titular,A,0,0,,0
712-2023-638 PA IMT Titular A de CUCOSTASUR,638,2023,CUCOSTASUR,IMT,Titular,A,0,0,,0
712-2023-639 PA IMT Titular A de CUVALLES,639,2023,CUVALLES,IMT,Titular,A,0,0,,0
712-2023-640 PA IMT Titular A de CUNORTE,640,2023,CUNORTE,IMT,Titular,A,0,0,,0
712-2023-641 PA IMT Titular A de CULAGOS,641,2023,CULAGOS,IMT,Titular,A,0,0,,0
712-2023-642 PA IMT Titular A de CUTONALÁ,642,2023,CUTONALÁ,IMT,Titular,A,0,0,,0
712-2023-643 PA IMT Titular A de CUTLAJOMULCO,643,2023,CUTLAJOMULCO,IMT,Titular,A,0,0,,0
712-2023-644 PA IMT Titular A de SUV,644,2023,SUV,IMT,Titular,A,0,0,,0
712-2023-645 PA IMT Titular A de SEMS,645,2023,SEMS,IMT,Titular,A,0,0,,0
712-2023-646 PA IMT Titular A de AG,646,2023,AG,IMT,Titular,A,0,0,,0
712-2023-647 PA IMT Titular B de CUCEA,647,2023,CUCEA,IMT,Titular,B,0,0,,0
712-2023-648 PA IMT Titular B de CUCEI,648,2023,CUCEI,IMT,Titular,B,0,0,,0
712-2023-649 PA IMT Titular B de CUCSH,649,2023,CUCSH,IMT,Titular,B,0,0,,0
712-2023-650 PA IMT Titular B de CUCS,650,2023,CUCS,IMT,Titular,B,0,0,,0
712-2023-651 PA IMT Titular B de CUAAD,651,2023,CUAAD,IMT,Titular,B,0,0,,0
712-2023-652 PA IMT Titular B de CUCBA,652,2023,CUCBA,IMT,Titular,B,0,0,,0
712-2023-653 PA IMT Titular B de CUALTOS,653,2023,CUALTOS,IMT,Titular,B,0,0,,0
712-2023-654 PA IMT Titular B de CUCIÉNEGA,654,2023,CUCIÉNEGA,IMT,Titular,B,0,0,,0
712-2023-655 PA IMT Titular B de CUSUR,655,2023,CUSUR,IMT,Titular,B,0,0,,0
712-2023-656 PA IMT Titular B de CUCOSTA,656,2023,CUCOSTA,IMT,Titular,B,0,0,,0
712-2023-657 PA IMT Titular B de CUCOSTASUR,657,2023,CUCOSTASUR,IMT,Titular,B,0,0,,0
712-2023-658 PA IMT Titular B de CUVALLES,658,2023,CUVALLES,IMT,Titular,B,0,0,,0
712-2023-659 PA IMT Titular B de CUNORTE,659,2023,CUNORTE,IMT,Titular,B,0,0,,0
712-2023-660 PA IMT Titular B de CULAGOS,660,2023,CULAGOS,IMT,Titular,B,0,0,,0
712-2023-661 PA IMT Titular B de CUTONALÁ,661,2023,CUTONALÁ,IMT,Titular,B,0,0,,0
712-2023-662 PA IMT Titular B de CUTLAJOMULCO,662,2023,CUTLAJOMULCO,IMT,Titular,B,0,0,,0
712-2023-663 PA IMT Titular B de SUV,663,2023,SUV,IMT,Titular,B,0,0,,0
712-2023-664 PA IMT Titular B de SEMS,664,2023,SEMS,IMT,Titular,B,0,0,,0
712-2023-665 PA IMT Titular B de AG,665,2023,AG,IMT,Titular,B,0,0,,0
712-2023-666 PA IMT Titular C de CUCEA,666,2023,CUCEA,IMT,Titular,C,1,0,,1
712-2023-667 PA IMT Titular C de CUCEI,667,2023,CUCEI,IMT,Titular,C,0,0,,0
712-2023-668 PA IMT Titular C de CUCSH,668,2023,CUCSH,IMT,Titular,C,1,0,,1
712-2023-669 PA IMT Titular C de CUCS,669,2023,CUCS,IMT,Titular,C,0,0,,0
712-2023-670 PA IMT Titular C de CUAAD,670,2023,CUAAD,IMT,Titular,C,0,0,,0
712-2023-671 PA IMT Titular C de CUCBA,671,2023,CUCBA,IMT,Titular,C,1,0,,1
712-2023-672 PA IMT Titular C de CUALTOS,672,2023,CUALTOS,IMT,Titular,C,0,0,,0
712-2023-673 PA IMT Titular C de CUCIÉNEGA,673,2023,CUCIÉNEGA,IMT,Titular,C,0,0,,0
712-2023-674 PA IMT Titular C de CUSUR,674,2023,CUSUR,IMT,Titular,C,0,0,,0
712-2023-675 PA IMT Titular C de CUCOSTA,675,2023,CUCOSTA,IMT,Titular,C,0,0,,0
712-2023-676 PA IMT Titular C de CUCOSTASUR,676,2023,CUCOSTASUR,IMT,Titular,C,0,0,,0
712-2023-677 PA IMT Titular C de CUVALLES,677,2023,CUVALLES,IMT,Titular,C,0,0,,0
712-2023-678 PA IMT Titular C de CUNORTE,678,2023,CUNORTE,IMT,Titular,C,0,0,,0
712-2023-679 PA IMT Titular C de CULAGOS,679,2023,CULAGOS,IMT,Titular,C,0,0,,0
712-2023-680 PA IMT Titular C de CUTONALÁ,680,2023,CUTONALÁ,IMT,Titular,C,0,0,,0
712-2023-681 PA IMT Titular C de CUTLAJOMULCO,681,2023,CUTLAJOMULCO,IMT,Titular,C,0,0,,0
712-2023-682 PA IMT Titular C de SUV,682,2023,SUV,IMT,Titular,C,0,0,,0
712-2023-683 PA IMT Titular C de SEMS,683,2023,SEMS,IMT,Titular,C,0,0,,0
712-2023-684 PA IMT Titular C de AG,684,2023,AG,IMT,Titular,C,0,0,,0
712-2023-685 PA TTC Asistente A de CUCEA,685,2023,CUCEA,TTC,Asistente,A,0,0,,0
712-2023-686 PA TTC Asistente A de CUCEI,686,2023,CUCEI,TTC,Asistente,A,0,0,,0
712-2023-687 PA TTC Asistente A de CUCSH,687,2023,CUCSH,TTC,Asistente,A,1,0,,1
712-2023-688 PA TTC Asistente A de CUCS,688,2023,CUCS,TTC,Asistente,A,1,2,,3
712-2023-689 PA TTC Asistente A de CUAAD,689,2023,CUAAD,TTC,Asistente,A,0,0,,0
712-2023-690 PA TTC Asistente A de CUCBA,690,2023,CUCBA,TTC,Asistente,A,0,0,,0
712-2023-691 PA TTC Asistente A de CUALTOS,691,2023,CUALTOS,TTC,Asistente,A,2,2,,4
712-2023-692 PA TTC Asistente A de CUCIÉNEGA,692,2023,CUCIÉNEGA,TTC,Asistente,A,1,1,,2
712-2023-693 PA TTC Asistente A de CUSUR,693,2023,CUSUR,TTC,Asistente,A,1,0,,1
712-2023-694 PA TTC Asistente A de CUCOSTA,694,2023,CUCOSTA,TTC,Asistente,A,0,0,,0
712-2023-695 PA TTC Asistente A de CUCOSTASUR,695,2023,CUCOSTASUR,TTC,Asistente,A,0,0,,0
712-2023-696 PA TTC Asistente A de CUVALLES,696,2023,CUVALLES,TTC,Asistente,A,1,0,,1
712-2023-697 PA TTC Asistente A de CUNORTE,697,2023,CUNORTE,TTC,Asistente,A,0,0,,0
712-2023-698 PA TTC Asistente A de CULAGOS,698,2023,CULAGOS,TTC,Asistente,A,0,0,,0
712-2023-699 PA TTC Asistente A de CUTONALÁ,699,2023,CUTONALÁ,TTC,Asistente,A,0,0,,0
712-2023-700 PA TTC Asistente A de CUTLAJOMULCO,700,2023,CUTLAJOMULCO,TTC,Asistente,A,0,0,,0
712-2023-701 PA TTC Asistente A de SUV,701,2023,SUV,TTC,Asistente,A,0,0,,0
712-2023-702 PA TTC Asistente A de SEMS,702,2023,SEMS,TTC,Asistente,A,0,2,,2
712-2023-703 PA TTC Asistente A de AG,703,2023,AG,TTC,Asistente,A,0,0,,0
712-2023-704 PA TTC Asistente B de CUCEA,704,2023,CUCEA,TTC,Asistente,B,1,0,,1
712-2023-705 PA TTC Asistente B de CUCEI,705,2023,CUCEI,TTC,Asistente,B,2,2,,4
712-2023-706 PA TTC Asistente B de CUCSH,706,2023,CUCSH,TTC,Asistente,B,1,3,,4
712-2023-707 PA TTC Asistente B de CUCS,707,2023,CUCS,TTC,Asistente,B,7,3,,10
712-2023-708 PA TTC Asistente B de CUAAD,708,2023,CUAAD,TTC,Asistente,B,1,1,,2
712-2023-709 PA TTC Asistente B de CUCBA,709,2023,CUCBA,TTC,Asistente,B,1,3,,4
712-2023-710 PA TTC Asistente B de CUALTOS,710,2023,CUALTOS,TTC,Asistente,B,5,4,,9
712-2023-711 PA TTC Asistente B de CUCIÉNEGA,711,2023,CUCIÉNEGA,TTC,Asistente,B,2,4,,6
712-2023-712 PA TTC Asistente B de CUSUR,712,2023,CUSUR,TTC,Asistente,B,0,1,,1
712-2023-713 PA TTC Asistente B de CUCOSTA,713,2023,CUCOSTA,TTC,Asistente,B,0,0,,0
712-2023-714 PA TTC Asistente B de CUCOSTASUR,714,2023,CUCOSTASUR,TTC,Asistente,B,0,0,,0
712-2023-715 PA TTC Asistente B de CUVALLES,715,2023,CUVALLES,TTC,Asistente,B,0,0,,0
712-2023-716 PA TTC Asistente B de CUNORTE,716,2023,CUNORTE,TTC,Asistente,B,0,0,,0
712-2023-717 PA TTC Asistente B de CULAGOS,717,2023,CULAGOS,TTC,Asistente,B,0,0,,0
712-2023-718 PA TTC Asistente B de CUTONALÁ,718,2023,CUTONALÁ,TTC,Asistente,B,1,0,,1
712-2023-719 PA TTC Asistente B de CUTLAJOMULCO,719,2023,CUTLAJOMULCO,TTC,Asistente,B,0,0,,0
712-2023-720 PA TTC Asistente B de SUV,720,2023,SUV,TTC,Asistente,B,0,0,,0
712-2023-721 PA TTC Asistente B de SEMS,721,2023,SEMS,TTC,Asistente,B,35,19,,54
712-2023-722 PA TTC Asistente B de AG,722,2023,AG,TTC,Asistente,B,1,0,,1
712-2023-723 PA TTC Asistente C de CUCEA,723,2023,CUCEA,TTC,Asistente,C,1,1,,2
712-2023-724 PA TTC Asistente C de CUCEI,724,2023,CUCEI,TTC,Asistente,C,6,4,,10
712-2023-725 PA TTC Asistente C de CUCSH,725,2023,CUCSH,TTC,Asistente,C,2,4,,6
712-2023-726 PA TTC Asistente C de CUCS,726,2023,CUCS,TTC,Asistente,C,5,5,,10
712-2023-727 PA TTC Asistente C de CUAAD,727,2023,CUAAD,TTC,Asistente,C,4,0,,4
712-2023-728 PA TTC Asistente C de CUCBA,728,2023,CUCBA,TTC,Asistente,C,2,0,,2
712-2023-729 PA TTC Asistente C de CUALTOS,729,2023,CUALTOS,TTC,Asistente,C,3,7,,10
712-2023-730 PA TTC Asistente C de CUCIÉNEGA,730,2023,CUCIÉNEGA,TTC,Asistente,C,2,2,,4
712-2023-731 PA TTC Asistente C de CUSUR,731,2023,CUSUR,TTC,Asistente,C,1,1,,2
712-2023-732 PA TTC Asistente C de CUCOSTA,732,2023,CUCOSTA,TTC,Asistente,C,1,2,,3
712-2023-733 PA TTC Asistente C de CUCOSTASUR,733,2023,CUCOSTASUR,TTC,Asistente,C,1,1,,2
712-2023-734 PA TTC Asistente C de CUVALLES,734,2023,CUVALLES,TTC,Asistente,C,0,0,,0
712-2023-735 PA TTC Asistente C de CUNORTE,735,2023,CUNORTE,TTC,Asistente,C,0,0,,0
712-2023-736 PA TTC Asistente C de CULAGOS,736,2023,CULAGOS,TTC,Asistente,C,1,0,,1
712-2023-737 PA TTC Asistente C de CUTONALÁ,737,2023,CUTONALÁ,TTC,Asistente,C,0,1,,1
712-2023-738 PA TTC Asistente C de CUTLAJOMULCO,738,2023,CUTLAJOMULCO,TTC,Asistente,C,0,0,,0
712-2023-739 PA TTC Asistente C de SUV,739,2023,SUV,TTC,Asistente,C,0,0,,0
712-2023-740 PA TTC Asistente C de SEMS,740,2023,SEMS,TTC,Asistente,C,61,51,,112
712-2023-741 PA TTC Asistente C de AG,741,2023,AG,TTC,Asistente,C,1,0,,1
712-2023-742 PA TTC Asociado A de CUCEA,742,2023,CUCEA,TTC,Asociado,A,2,3,,5
712-2023-743 PA TTC Asociado A de CUCEI,743,2023,CUCEI,TTC,Asociado,A,19,26,,45
712-2023-744 PA TTC Asociado A de CUCSH,744,2023,CUCSH,TTC,Asociado,A,2,7,,9
712-2023-745 PA TTC Asociado A de CUCS,745,2023,CUCS,TTC,Asociado,A,16,15,,31
712-2023-746 PA TTC Asociado A de CUAAD,746,2023,CUAAD,TTC,Asociado,A,9,2,,11
712-2023-747 PA TTC Asociado A de CUCBA,747,2023,CUCBA,TTC,Asociado,A,9,13,,22
712-2023-748 PA TTC Asociado A de CUALTOS,748,2023,CUALTOS,TTC,Asociado,A,4,7,,11
712-2023-749 PA TTC Asociado A de CUCIÉNEGA,749,2023,CUCIÉNEGA,TTC,Asociado,A,3,5,,8
712-2023-750 PA TTC Asociado A de CUSUR,750,2023,CUSUR,TTC,Asociado,A,4,3,,7
712-2023-751 PA TTC Asociado A de CUCOSTA,751,2023,CUCOSTA,TTC,Asociado,A,5,5,,10
712-2023-752 PA TTC Asociado A de CUCOSTASUR,752,2023,CUCOSTASUR,TTC,Asociado,A,3,3,,6
712-2023-753 PA TTC Asociado A de CUVALLES,753,2023,CUVALLES,TTC,Asociado,A,1,2,,3
712-2023-754 PA TTC Asociado A de CUNORTE,754,2023,CUNORTE,TTC,Asociado,A,1,6,,7
712-2023-755 PA TTC Asociado A de CULAGOS,755,2023,CULAGOS,TTC,Asociado,A,3,6,,9
712-2023-756 PA TTC Asociado A de CUTONALÁ,756,2023,CUTONALÁ,TTC,Asociado,A,4,5,,9
712-2023-757 PA TTC Asociado A de CUTLAJOMULCO,757,2023,CUTLAJOMULCO,TTC,Asociado,A,0,0,,0
712-2023-758 PA TTC Asociado A de SUV,758,2023,SUV,TTC,Asociado,A,1,0,,1
712-2023-759 PA TTC Asociado A de SEMS,759,2023,SEMS,TTC,Asociado,A,138,136,,274
712-2023-760 PA TTC Asociado A de AG,760,2023,AG,TTC,Asociado,A,2,4,,6
712-2023-761 PA TTC Asociado B de CUCEA,761,2023,CUCEA,TTC,Asociado,B,0,1,,1
712-2023-762 PA TTC Asociado B de CUCEI,762,2023,CUCEI,TTC,Asociado,B,6,11,,17
712-2023-763 PA TTC Asociado B de CUCSH,763,2023,CUCSH,TTC,Asociado,B,3,4,,7
712-2023-764 PA TTC Asociado B de CUCS,764,2023,CUCS,TTC,Asociado,B,8,12,,20
712-2023-765 PA TTC Asociado B de CUAAD,765,2023,CUAAD,TTC,Asociado,B,1,0,,1
712-2023-766 PA TTC Asociado B de CUCBA,766,2023,CUCBA,TTC,Asociado,B,4,4,,8
712-2023-767 PA TTC Asociado B de CUALTOS,767,2023,CUALTOS,TTC,Asociado,B,5,6,,11
712-2023-768 PA TTC Asociado B de CUCIÉNEGA,768,2023,CUCIÉNEGA,TTC,Asociado,B,3,6,,9
712-2023-769 PA TTC Asociado B de CUSUR,769,2023,CUSUR,TTC,Asociado,B,2,2,,4
712-2023-770 PA TTC Asociado B de CUCOSTA,770,2023,CUCOSTA,TTC,Asociado,B,1,1,,2
712-2023-771 PA TTC Asociado B de CUCOSTASUR,771,2023,CUCOSTASUR,TTC,Asociado,B,3,5,,8
712-2023-772 PA TTC Asociado B de CUVALLES,772,2023,CUVALLES,TTC,Asociado,B,1,1,,2
712-2023-773 PA TTC Asociado B de CUNORTE,773,2023,CUNORTE,TTC,Asociado,B,3,2,,5
712-2023-774 PA TTC Asociado B de CULAGOS,774,2023,CULAGOS,TTC,Asociado,B,4,9,,13
712-2023-775 PA TTC Asociado B de CUTONALÁ,775,2023,CUTONALÁ,TTC,Asociado,B,1,1,,2
712-2023-776 PA TTC Asociado B de CUTLAJOMULCO,776,2023,CUTLAJOMULCO,TTC,Asociado,B,0,0,,0
712-2023-777 PA TTC Asociado B de SUV,777,2023,SUV,TTC,Asociado,B,0,1,,1
712-2023-778 PA TTC Asociado B de SEMS,778,2023,SEMS,TTC,Asociado,B,41,37,,78
712-2023-779 PA TTC Asociado B de AG,779,2023,AG,TTC,Asociado,B,2,3,,5
712-2023-780 PA TTC Asociado C de CUCEA,780,2023,CUCEA,TTC,Asociado,C,0,1,,1
712-2023-781 PA TTC Asociado C de CUCEI,781,2023,CUCEI,TTC,Asociado,C,2,0,,2
712-2023-782 PA TTC Asociado C de CUCSH,782,2023,CUCSH,TTC,Asociado,C,0,4,,4
712-2023-783 PA TTC Asociado C de CUCS,783,2023,CUCS,TTC,Asociado,C,5,10,,15
712-2023-784 PA TTC Asociado C de CUAAD,784,2023,CUAAD,TTC,Asociado,C,0,0,,0
712-2023-785 PA TTC Asociado C de CUCBA,785,2023,CUCBA,TTC,Asociado,C,5,2,,7
712-2023-786 PA TTC Asociado C de CUALTOS,786,2023,CUALTOS,TTC,Asociado,C,1,0,,1
712-2023-787 PA TTC Asociado C de CUCIÉNEGA,787,2023,CUCIÉNEGA,TTC,Asociado,C,1,1,,2
712-2023-788 PA TTC Asociado C de CUSUR,788,2023,CUSUR,TTC,Asociado,C,1,1,,2
712-2023-789 PA TTC Asociado C de CUCOSTA,789,2023,CUCOSTA,TTC,Asociado,C,1,0,,1
712-2023-790 PA TTC Asociado C de CUCOSTASUR,790,2023,CUCOSTASUR,TTC,Asociado,C,2,1,,3
712-2023-791 PA TTC Asociado C de CUVALLES,791,2023,CUVALLES,TTC,Asociado,C,1,1,,2
712-2023-792 PA TTC Asociado C de CUNORTE,792,2023,CUNORTE,TTC,Asociado,C,2,0,,2
712-2023-793 PA TTC Asociado C de CULAGOS,793,2023,CULAGOS,TTC,Asociado,C,1,3,,4
712-2023-794 PA TTC Asociado C de CUTONALÁ,794,2023,CUTONALÁ,TTC,Asociado,C,7,3,,10
712-2023-795 PA TTC Asociado C de CUTLAJOMULCO,795,2023,CUTLAJOMULCO,TTC,Asociado,C,0,0,,0
712-2023-796 PA TTC Asociado C de SUV,796,2023,SUV,TTC,Asociado,C,1,3,,4
712-2023-797 PA TTC Asociado C de SEMS,797,2023,SEMS,TTC,Asociado,C,7,8,,15
712-2023-798 PA TTC Asociado C de AG,798,2023,AG,TTC,Asociado,C,2,1,,3
712-2023-799 PA TTC Titular A de CUCEA,799,2023,CUCEA,TTC,Titular,A,1,3,,4
712-2023-800 PA TTC Titular A de CUCEI,800,2023,CUCEI,TTC,Titular,A,4,2,,6
712-2023-801 PA TTC Titular A de CUCSH,801,2023,CUCSH,TTC,Titular,A,0,1,,1
712-2023-802 PA TTC Titular A de CUCS,802,2023,CUCS,TTC,Titular,A,7,5,,12
712-2023-803 PA TTC Titular A de CUAAD,803,2023,CUAAD,TTC,Titular,A,1,0,,1
712-2023-804 PA TTC Titular A de CUCBA,804,2023,CUCBA,TTC,Titular,A,2,2,,4
712-2023-805 PA TTC Titular A de CUALTOS,805,2023,CUALTOS,TTC,Titular,A,0,1,,1
712-2023-806 PA TTC Titular A de CUCIÉNEGA,806,2023,CUCIÉNEGA,TTC,Titular,A,0,1,,1
712-2023-807 PA TTC Titular A de CUSUR,807,2023,CUSUR,TTC,Titular,A,1,0,,1
712-2023-808 PA TTC Titular A de CUCOSTA,808,2023,CUCOSTA,TTC,Titular,A,0,0,,0
712-2023-809 PA TTC Titular A de CUCOSTASUR,809,2023,CUCOSTASUR,TTC,Titular,A,0,0,,0
712-2023-810 PA TTC Titular A de CUVALLES,810,2023,CUVALLES,TTC,Titular,A,0,1,,1
712-2023-811 PA TTC Titular A de CUNORTE,811,2023,CUNORTE,TTC,Titular,A,0,0,,0
712-2023-812 PA TTC Titular A de CULAGOS,812,2023,CULAGOS,TTC,Titular,A,1,0,,1
712-2023-813 PA TTC Titular A de CUTONALÁ,813,2023,CUTONALÁ,TTC,Titular,A,0,1,,1
712-2023-814 PA TTC Titular A de CUTLAJOMULCO,814,2023,CUTLAJOMULCO,TTC,Titular,A,0,0,,0
712-2023-815 PA TTC Titular A de SUV,815,2023,SUV,TTC,Titular,A,0,2,,2
712-2023-816 PA TTC Titular A de SEMS,816,2023,SEMS,TTC,Titular,A,7,6,,13
712-2023-817 PA TTC Titular A de AG,817,2023,AG,TTC,Titular,A,0,2,,2
712-2023-818 PA TTC Titular B de CUCEA,818,2023,CUCEA,TTC,Titular,B,0,0,,0
712-2023-819 PA TTC Titular B de CUCEI,819,2023,CUCEI,TTC,Titular,B,1,1,,2
712-2023-820 PA TTC Titular B de CUCSH,820,2023,CUCSH,TTC,Titular,B,0,0,,0
712-2023-821 PA TTC Titular B de CUCS,821,2023,CUCS,TTC,Titular,B,3,4,,7
712-2023-822 PA TTC Titular B de CUAAD,822,2023,CUAAD,TTC,Titular,B,0,0,,0
712-2023-823 PA TTC Titular B de CUCBA,823,2023,CUCBA,TTC,Titular,B,0,1,,1
712-2023-824 PA TTC Titular B de CUALTOS,824,2023,CUALTOS,TTC,Titular,B,0,0,,0
712-2023-825 PA TTC Titular B de CUCIÉNEGA,825,2023,CUCIÉNEGA,TTC,Titular,B,0,0,,0
712-2023-826 PA TTC Titular B de CUSUR,826,2023,CUSUR,TTC,Titular,B,0,1,,1
712-2023-827 PA TTC Titular B de CUCOSTA,827,2023,CUCOSTA,TTC,Titular,B,0,0,,0
712-2023-828 PA TTC Titular B de CUCOSTASUR,828,2023,CUCOSTASUR,TTC,Titular,B,0,0,,0
712-2023-829 PA TTC Titular B de CUVALLES,829,2023,CUVALLES,TTC,Titular,B,0,1,,1
712-2023-830 PA TTC Titular B de CUNORTE,830,2023,CUNORTE,TTC,Titular,B,0,0,,0
712-2023-831 PA TTC Titular B de CULAGOS,831,2023,CULAGOS,TTC,Titular,B,0,0,,0
712-2023-832 PA TTC Titular B de CUTONALÁ,832,2023,CUTONALÁ,TTC,Titular,B,0,1,,1
712-2023-833 PA TTC Titular B de CUTLAJOMULCO,833,2023,CUTLAJOMULCO,TTC,Titular,B,0,0,,0
712-2023-834 PA TTC Titular B de SUV,834,2023,SUV,TTC,Titular,B,1,2,,3
712-2023-835 PA TTC Titular B de SEMS,835,2023,SEMS,TTC,Titular,B,6,5,,11
712-2023-836 PA TTC Titular B de AG,836,2023,AG,TTC,Titular,B,0,0,,0
712-2023-837 PA TTC Titular C de CUCEA,837,2023,CUCEA,TTC,Titular,C,0,1,,1
712-2023-838 PA TTC Titular C de CUCEI,838,2023,CUCEI,TTC,Titular,C,3,2,,5
712-2023-839 PA TTC Titular C de CUCSH,839,2023,CUCSH,TTC,Titular,C,2,1,,3
712-2023-840 PA TTC Titular C de CUCS,840,2023,CUCS,TTC,Titular,C,5,6,,11
712-2023-841 PA TTC Titular C de CUAAD,841,2023,CUAAD,TTC,Titular,C,0,0,,0
712-2023-842 PA TTC Titular C de CUCBA,842,2023,CUCBA,TTC,Titular,C,0,2,,2
712-2023-843 PA TTC Titular C de CUALTOS,843,2023,CUALTOS,TTC,Titular,C,0,0,,0
712-2023-844 PA TTC Titular C de CUCIÉNEGA,844,2023,CUCIÉNEGA,TTC,Titular,C,0,0,,0
712-2023-845 PA TTC Titular C de CUSUR,845,2023,CUSUR,TTC,Titular,C,1,1,,2
712-2023-846 PA TTC Titular C de CUCOSTA,846,2023,CUCOSTA,TTC,Titular,C,1,0,,1
712-2023-847 PA TTC Titular C de CUCOSTASUR,847,2023,CUCOSTASUR,TTC,Titular,C,2,0,,2
712-2023-848 PA TTC Titular C de CUVALLES,848,2023,CUVALLES,TTC,Titular,C,0,1,,1
712-2023-849 PA TTC Titular C de CUNORTE,849,2023,CUNORTE,TTC,Titular,C,0,0,,0
712-2023-850 PA TTC Titular C de CULAGOS,850,2023,CULAGOS,TTC,Titular,C,0,0,,0
712-2023-851 PA TTC Titular C de CUTONALÁ,851,2023,CUTONALÁ,TTC,Titular,C,0,0,,0
712-2023-852 PA TTC Titular C de CUTLAJOMULCO,852,2023,CUTLAJOMULCO,TTC,Titular,C,0,0,,0
712-2023-853 PA TTC Titular C de SUV,853,2023,SUV,TTC,Titular,C,0,0,,0
712-2023-854 PA TTC Titular C de SEMS,854,2023,SEMS,TTC,Titular,C,7,8,,15
712-2023-855 PA TTC Titular C de AG,855,2023,AG,TTC,Titular,C,0,0,,0
712-2023-856 PA TMT Asistente A de CUCEA,856,2023,CUCEA,TMT,Asistente,A,0,0,,0
712-2023-857 PA TMT Asistente A de CUCEI,857,2023,CUCEI,TMT,Asistente,A,0,0,,0
712-2023-858 PA TMT Asistente A de CUCSH,858,2023,CUCSH,TMT,Asistente,A,0,0,,0
712-2023-859 PA TMT Asistente A de CUCS,859,2023,CUCS,TMT,Asistente,A,0,0,,0
712-2023-860 PA TMT Asistente A de CUAAD,860,2023,CUAAD,TMT,Asistente,A,0,0,,0
712-2023-861 PA TMT Asistente A de CUCBA,861,2023,CUCBA,TMT,Asistente,A,0,0,,0
712-2023-862 PA TMT Asistente A de CUALTOS,862,2023,CUALTOS,TMT,Asistente,A,0,0,,0
712-2023-863 PA TMT Asistente A de CUCIÉNEGA,863,2023,CUCIÉNEGA,TMT,Asistente,A,0,0,,0
712-2023-864 PA TMT Asistente A de CUSUR,864,2023,CUSUR,TMT,Asistente,A,0,0,,0
712-2023-865 PA TMT Asistente A de CUCOSTA,865,2023,CUCOSTA,TMT,Asistente,A,0,0,,0
712-2023-866 PA TMT Asistente A de CUCOSTASUR,866,2023,CUCOSTASUR,TMT,Asistente,A,0,0,,0
712-2023-867 PA TMT Asistente A de CUVALLES,867,2023,CUVALLES,TMT,Asistente,A,0,0,,0
712-2023-868 PA TMT Asistente A de CUNORTE,868,2023,CUNORTE,TMT,Asistente,A,0,0,,0
712-2023-869 PA TMT Asistente A de CULAGOS,869,2023,CULAGOS,TMT,Asistente,A,0,0,,0
712-2023-870 PA TMT Asistente A de CUTONALÁ,870,2023,CUTONALÁ,TMT,Asistente,A,0,0,,0
712-2023-871 PA TMT Asistente A de CUTLAJOMULCO,871,2023,CUTLAJOMULCO,TMT,Asistente,A,0,0,,0
712-2023-872 PA TMT Asistente A de SUV,872,2023,SUV,TMT,Asistente,A,0,0,,0
712-2023-873 PA TMT Asistente A de SEMS,873,2023,SEMS,TMT,Asistente,A,1,2,,3
712-2023-874 PA TMT Asistente A de AG,874,2023,AG,TMT,Asistente,A,0,0,,0
712-2023-875 PA TMT Asistente B de CUCEA,875,2023,CUCEA,TMT,Asistente,B,0,0,,0
712-2023-876 PA TMT Asistente B de CUCEI,876,2023,CUCEI,TMT,Asistente,B,0,0,,0
712-2023-877 PA TMT Asistente B de CUCSH,877,2023,CUCSH,TMT,Asistente,B,0,0,,0
712-2023-878 PA TMT Asistente B de CUCS,878,2023,CUCS,TMT,Asistente,B,1,0,,1
712-2023-879 PA TMT Asistente B de CUAAD,879,2023,CUAAD,TMT,Asistente,B,0,1,,1
712-2023-880 PA TMT Asistente B de CUCBA,880,2023,CUCBA,TMT,Asistente,B,0,0,,0
712-2023-881 PA TMT Asistente B de CUALTOS,881,2023,CUALTOS,TMT,Asistente,B,0,0,,0
712-2023-882 PA TMT Asistente B de CUCIÉNEGA,882,2023,CUCIÉNEGA,TMT,Asistente,B,0,0,,0
712-2023-883 PA TMT Asistente B de CUSUR,883,2023,CUSUR,TMT,Asistente,B,0,0,,0
712-2023-884 PA TMT Asistente B de CUCOSTA,884,2023,CUCOSTA,TMT,Asistente,B,0,0,,0
712-2023-885 PA TMT Asistente B de CUCOSTASUR,885,2023,CUCOSTASUR,TMT,Asistente,B,0,0,,0
712-2023-886 PA TMT Asistente B de CUVALLES,886,2023,CUVALLES,TMT,Asistente,B,0,0,,0
712-2023-887 PA TMT Asistente B de CUNORTE,887,2023,CUNORTE,TMT,Asistente,B,0,0,,0
712-2023-888 PA TMT Asistente B de CULAGOS,888,2023,CULAGOS,TMT,Asistente,B,0,0,,0
712-2023-889 PA TMT Asistente B de CUTONALÁ,889,2023,CUTONALÁ,TMT,Asistente,B,0,1,,1
712-2023-890 PA TMT Asistente B de CUTLAJOMULCO,890,2023,CUTLAJOMULCO,TMT,Asistente,B,0,0,,0
712-2023-891 PA TMT Asistente B de SUV,891,2023,SUV,TMT,Asistente,B,0,0,,0
712-2023-892 PA TMT Asistente B de SEMS,892,2023,SEMS,TMT,Asistente,B,15,14,,29
712-2023-893 PA TMT Asistente B de AG,893,2023,AG,TMT,Asistente,B,0,1,,1
712-2023-894 PA TMT Asistente C de CUCEA,894,2023,CUCEA,TMT,Asistente,C,0,0,,0
712-2023-895 PA TMT Asistente C de CUCEI,895,2023,CUCEI,TMT,Asistente,C,0,2,,2
712-2023-896 PA TMT Asistente C de CUCSH,896,2023,CUCSH,TMT,Asistente,C,0,0,,0
712-2023-897 PA TMT Asistente C de CUCS,897,2023,CUCS,TMT,Asistente,C,1,1,,2
712-2023-898 PA TMT Asistente C de CUAAD,898,2023,CUAAD,TMT,Asistente,C,0,0,,0
712-2023-899 PA TMT Asistente C de CUCBA,899,2023,CUCBA,TMT,Asistente,C,0,0,,0
712-2023-900 PA TMT Asistente C de CUALTOS,900,2023,CUALTOS,TMT,Asistente,C,0,0,,0
712-2023-901 PA TMT Asistente C de CUCIÉNEGA,901,2023,CUCIÉNEGA,TMT,Asistente,C,0,0,,0
712-2023-902 PA TMT Asistente C de CUSUR,902,2023,CUSUR,TMT,Asistente,C,0,0,,0
712-2023-903 PA TMT Asistente C de CUCOSTA,903,2023,CUCOSTA,TMT,Asistente,C,0,0,,0
712-2023-904 PA TMT Asistente C de CUCOSTASUR,904,2023,CUCOSTASUR,TMT,Asistente,C,0,0,,0
712-2023-905 PA TMT Asistente C de CUVALLES,905,2023,CUVALLES,TMT,Asistente,C,0,0,,0
712-2023-906 PA TMT Asistente C de CUNORTE,906,2023,CUNORTE,TMT,Asistente,C,0,0,,0
712-2023-907 PA TMT Asistente C de CULAGOS,907,2023,CULAGOS,TMT,Asistente,C,1,0,,1
712-2023-908 PA TMT Asistente C de CUTONALÁ,908,2023,CUTONALÁ,TMT,Asistente,C,0,0,,0
712-2023-909 PA TMT Asistente C de CUTLAJOMULCO,909,2023,CUTLAJOMULCO,TMT,Asistente,C,0,0,,0
712-2023-910 PA TMT Asistente C de SUV,910,2023,SUV,TMT,Asistente,C,0,0,,0
712-2023-911 PA TMT Asistente C de SEMS,911,2023,SEMS,TMT,Asistente,C,20,19,,39
712-2023-912 PA TMT Asistente C de AG,912,2023,AG,TMT,Asistente,C,1,0,,1
712-2023-913 PA TMT Asociado A de CUCEA,913,2023,CUCEA,TMT,Asociado,A,0,0,,0
712-2023-914 PA TMT Asociado A de CUCEI,914,2023,CUCEI,TMT,Asociado,A,2,1,,3
712-2023-915 PA TMT Asociado A de CUCSH,915,2023,CUCSH,TMT,Asociado,A,0,0,,0
712-2023-916 PA TMT Asociado A de CUCS,916,2023,CUCS,TMT,Asociado,A,3,2,,5
712-2023-917 PA TMT Asociado A de CUAAD,917,2023,CUAAD,TMT,Asociado,A,1,0,,1
712-2023-918 PA TMT Asociado A de CUCBA,918,2023,CUCBA,TMT,Asociado,A,0,0,,0
712-2023-919 PA TMT Asociado A de CUALTOS,919,2023,CUALTOS,TMT,Asociado,A,0,0,,0
712-2023-920 PA TMT Asociado A de CUCIÉNEGA,920,2023,CUCIÉNEGA,TMT,Asociado,A,0,1,,1
712-2023-921 PA TMT Asociado A de CUSUR,921,2023,CUSUR,TMT,Asociado,A,0,0,,0
712-2023-922 PA TMT Asociado A de CUCOSTA,922,2023,CUCOSTA,TMT,Asociado,A,0,0,,0
712-2023-923 PA TMT Asociado A de CUCOSTASUR,923,2023,CUCOSTASUR,TMT,Asociado,A,0,0,,0
712-2023-924 PA TMT Asociado A de CUVALLES,924,2023,CUVALLES,TMT,Asociado,A,0,0,,0
712-2023-925 PA TMT Asociado A de CUNORTE,925,2023,CUNORTE,TMT,Asociado,A,0,0,,0
712-2023-926 PA TMT Asociado A de CULAGOS,926,2023,CULAGOS,TMT,Asociado,A,0,0,,0
712-2023-927 PA TMT Asociado A de CUTONALÁ,927,2023,CUTONALÁ,TMT,Asociado,A,0,0,,0
712-2023-928 PA TMT Asociado A de CUTLAJOMULCO,928,2023,CUTLAJOMULCO,TMT,Asociado,A,0,0,,0
712-2023-929 PA TMT Asociado A de SUV,929,2023,SUV,TMT,Asociado,A,0,0,,0
712-2023-930 PA TMT Asociado A de SEMS,930,2023,SEMS,TMT,Asociado,A,138,171,,309
712-2023-931 PA TMT Asociado A de AG,931,2023,AG,TMT,Asociado,A,0,1,,1
712-2023-932 PA TMT Asociado B de CUCEA,932,2023,CUCEA,TMT,Asociado,B,0,0,,0
712-2023-933 PA TMT Asociado B de CUCEI,933,2023,CUCEI,TMT,Asociado,B,0,1,,1
712-2023-934 PA TMT Asociado B de CUCSH,934,2023,CUCSH,TMT,Asociado,B,0,0,,0
712-2023-935 PA TMT Asociado B de CUCS,935,2023,CUCS,TMT,Asociado,B,1,5,,6
712-2023-936 PA TMT Asociado B de CUAAD,936,2023,CUAAD,TMT,Asociado,B,0,0,,0
712-2023-937 PA TMT Asociado B de CUCBA,937,2023,CUCBA,TMT,Asociado,B,4,0,,4
712-2023-938 PA TMT Asociado B de CUALTOS,938,2023,CUALTOS,TMT,Asociado,B,0,0,,0
712-2023-939 PA TMT Asociado B de CUCIÉNEGA,939,2023,CUCIÉNEGA,TMT,Asociado,B,0,0,,0
712-2023-940 PA TMT Asociado B de CUSUR,940,2023,CUSUR,TMT,Asociado,B,0,0,,0
712-2023-941 PA TMT Asociado B de CUCOSTA,941,2023,CUCOSTA,TMT,Asociado,B,0,0,,0
712-2023-942 PA TMT Asociado B de CUCOSTASUR,942,2023,CUCOSTASUR,TMT,Asociado,B,0,0,,0
712-2023-943 PA TMT Asociado B de CUVALLES,943,2023,CUVALLES,TMT,Asociado,B,0,0,,0
712-2023-944 PA TMT Asociado B de CUNORTE,944,2023,CUNORTE,TMT,Asociado,B,0,0,,0
712-2023-945 PA TMT Asociado B de CULAGOS,945,2023,CULAGOS,TMT,Asociado,B,0,0,,0
712-2023-946 PA TMT Asociado B de CUTONALÁ,946,2023,CUTONALÁ,TMT,Asociado,B,0,0,,0
712-2023-947 PA TMT Asociado B de CUTLAJOMULCO,947,2023,CUTLAJOMULCO,TMT,Asociado,B,0,0,,0
712-2023-948 PA TMT Asociado B de SUV,948,2023,SUV,TMT,Asociado,B,0,0,,0
712-2023-949 PA TMT Asociado B de SEMS,949,2023,SEMS,TMT,Asociado,B,16,10,,26
712-2023-950 PA TMT Asociado B de AG,950,2023,AG,TMT,Asociado,B,0,0,,0
712-2023-951 PA TMT Asociado C de CUCEA,951,2023,CUCEA,TMT,Asociado,C,0,0,,0
712-2023-952 PA TMT Asociado C de CUCEI,952,2023,CUCEI,TMT,Asociado,C,0,0,,0
712-2023-953 PA TMT Asociado C de CUCSH,953,2023,CUCSH,TMT,Asociado,C,0,0,,0
712-2023-954 PA TMT Asociado C de CUCS,954,2023,CUCS,TMT,Asociado,C,3,3,,6
712-2023-955 PA TMT Asociado C de CUAAD,955,2023,CUAAD,TMT,Asociado,C,1,0,,1
712-2023-956 PA TMT Asociado C de CUCBA,956,2023,CUCBA,TMT,Asociado,C,0,0,,0
712-2023-957 PA TMT Asociado C de CUALTOS,957,2023,CUALTOS,TMT,Asociado,C,0,0,,0
712-2023-958 PA TMT Asociado C de CUCIÉNEGA,958,2023,CUCIÉNEGA,TMT,Asociado,C,0,0,,0
712-2023-959 PA TMT Asociado C de CUSUR,959,2023,CUSUR,TMT,Asociado,C,0,0,,0
712-2023-960 PA TMT Asociado C de CUCOSTA,960,2023,CUCOSTA,TMT,Asociado,C,0,0,,0
712-2023-961 PA TMT Asociado C de CUCOSTASUR,961,2023,CUCOSTASUR,TMT,Asociado,C,0,0,,0
712-2023-962 PA TMT Asociado C de CUVALLES,962,2023,CUVALLES,TMT,Asociado,C,0,0,,0
712-2023-963 PA TMT Asociado C de CUNORTE,963,2023,CUNORTE,TMT,Asociado,C,0,0,,0
712-2023-964 PA TMT Asociado C de CULAGOS,964,2023,CULAGOS,TMT,Asociado,C,0,0,,0
712-2023-965 PA TMT Asociado C de CUTONALÁ,965,2023,CUTONALÁ,TMT,Asociado,C,1,0,,1
712-2023-966 PA TMT Asociado C de CUTLAJOMULCO,966,2023,CUTLAJOMULCO,TMT,Asociado,C,0,0,,0
712-2023-967 PA TMT Asociado C de SUV,967,2023,SUV,TMT,Asociado,C,0,0,,0
712-2023-968 PA TMT Asociado C de SEMS,968,2023,SEMS,TMT,Asociado,C,8,0,,8
712-2023-969 PA TMT Asociado C de AG,969,2023,AG,TMT,Asociado,C,1,0,,1
712-2023-970 PA TMT Titular A de CUCEA,970,2023,CUCEA,TMT,Titular,A,0,0,,0
712-2023-971 PA TMT Titular A de CUCEI,971,2023,CUCEI,TMT,Titular,A,0,1,,1
712-2023-972 PA TMT Titular A de CUCSH,972,2023,CUCSH,TMT,Titular,A,0,0,,0
712-2023-973 PA TMT Titular A de CUCS,973,2023,CUCS,TMT,Titular,A,3,4,,7
712-2023-974 PA TMT Titular A de CUAAD,974,2023,CUAAD,TMT,Titular,A,0,0,,0
712-2023-975 PA TMT Titular A de CUCBA,975,2023,CUCBA,TMT,Titular,A,0,0,,0
712-2023-976 PA TMT Titular A de CUALTOS,976,2023,CUALTOS,TMT,Titular,A,0,0,,0
712-2023-977 PA TMT Titular A de CUCIÉNEGA,977,2023,CUCIÉNEGA,TMT,Titular,A,0,0,,0
712-2023-978 PA TMT Titular A de CUSUR,978,2023,CUSUR,TMT,Titular,A,0,0,,0
712-2023-979 PA TMT Titular A de CUCOSTA,979,2023,CUCOSTA,TMT,Titular,A,0,0,,0
712-2023-980 PA TMT Titular A de CUCOSTASUR,980,2023,CUCOSTASUR,TMT,Titular,A,0,0,,0
712-2023-981 PA TMT Titular A de CUVALLES,981,2023,CUVALLES,TMT,Titular,A,0,0,,0
712-2023-982 PA TMT Titular A de CUNORTE,982,2023,CUNORTE,TMT,Titular,A,0,0,,0
712-2023-983 PA TMT Titular A de CULAGOS,983,2023,CULAGOS,TMT,Titular,A,0,0,,0
712-2023-984 PA TMT Titular A de CUTONALÁ,984,2023,CUTONALÁ,TMT,Titular,A,0,0,,0
712-2023-985 PA TMT Titular A de CUTLAJOMULCO,985,2023,CUTLAJOMULCO,TMT,Titular,A,0,0,,0
712-2023-986 PA TMT Titular A de SUV,986,2023,SUV,TMT,Titular,A,0,0,,0
712-2023-987 PA TMT Titular A de SEMS,987,2023,SEMS,TMT,Titular,A,4,3,,7
712-2023-988 PA TMT Titular A de AG,988,2023,AG,TMT,Titular,A,0,0,,0
712-2023-989 PA TMT Titular B de CUCEA,989,2023,CUCEA,TMT,Titular,B,0,0,,0
712-2023-990 PA TMT Titular B de CUCEI,990,2023,CUCEI,TMT,Titular,B,0,0,,0
712-2023-991 PA TMT Titular B de CUCSH,991,2023,CUCSH,TMT,Titular,B,0,0,,0
712-2023-992 PA TMT Titular B de CUCS,992,2023,CUCS,TMT,Titular,B,1,1,,2
712-2023-993 PA TMT Titular B de CUAAD,993,2023,CUAAD,TMT,Titular,B,0,0,,0
712-2023-994 PA TMT Titular B de CUCBA,994,2023,CUCBA,TMT,Titular,B,0,0,,0
712-2023-995 PA TMT Titular B de CUALTOS,995,2023,CUALTOS,TMT,Titular,B,0,0,,0
712-2023-996 PA TMT Titular B de CUCIÉNEGA,996,2023,CUCIÉNEGA,TMT,Titular,B,0,0,,0
712-2023-997 PA TMT Titular B de CUSUR,997,2023,CUSUR,TMT,Titular,B,0,0,,0
712-2023-998 PA TMT Titular B de CUCOSTA,998,2023,CUCOSTA,TMT,Titular,B,0,0,,0
712-2023-999 PA TMT Titular B de CUCOSTASUR,999,2023,CUCOSTASUR,TMT,Titular,B,0,0,,0
712-2023-1000 PA TMT Titular B de CUVALLES,1000,2023,CUVALLES,TMT,Titular,B,0,0,,0
712-2023-1001 PA TMT Titular B de CUNORTE,1001,2023,CUNORTE,TMT,Titular,B,0,0,,0
712-2023-1002 PA TMT Titular B de CULAGOS,1002,2023,CULAGOS,TMT,Titular,B,0,0,,0
712-2023-1003 PA TMT Titular B de CUTONALÁ,1003,2023,CUTONALÁ,TMT,Titular,B,0,0,,0
712-2023-1004 PA TMT Titular B de CUTLAJOMULCO,1004,2023,CUTLAJOMULCO,TMT,Titular,B,0,0,,0
712-2023-1005 PA TMT Titular B de SUV,1005,2023,SUV,TMT,Titular,B,0,0,,0
712-2023-1006 PA TMT Titular B de SEMS,1006,2023,SEMS,TMT,Titular,B,0,0,,0
712-2023-1007 PA TMT Titular B de AG,1007,2023,AG,TMT,Titular,B,0,0,,0
712-2023-1008 PA TMT Titular C de CUCEA,1008,2023,CUCEA,TMT,Titular,C,0,0,,0
712-2023-1009 PA TMT Titular C de CUCEI,1009,2023,CUCEI,TMT,Titular,C,0,0,,0
712-2023-1010 PA TMT Titular C de CUCSH,1010,2023,CUCSH,TMT,Titular,C,0,0,,0
712-2023-1011 PA TMT Titular C de CUCS,1011,2023,CUCS,TMT,Titular,C,1,2,,3
712-2023-1012 PA TMT Titular C de CUAAD,1012,2023,CUAAD,TMT,Titular,C,0,0,,0
712-2023-1013 PA TMT Titular C de CUCBA,1013,2023,CUCBA,TMT,Titular,C,0,0,,0
712-2023-1014 PA TMT Titular C de CUALTOS,1014,2023,CUALTOS,TMT,Titular,C,0,0,,0
712-2023-1015 PA TMT Titular C de CUCIÉNEGA,1015,2023,CUCIÉNEGA,TMT,Titular,C,0,0,,0
712-2023-1016 PA TMT Titular C de CUSUR,1016,2023,CUSUR,TMT,Titular,C,0,0,,0
712-2023-1017 PA TMT Titular C de CUCOSTA,1017,2023,CUCOSTA,TMT,Titular,C,0,0,,0
712-2023-1018 PA TMT Titular C de CUCOSTASUR,1018,2023,CUCOSTASUR,TMT,Titular,C,0,0,,0
712-2023-1019 PA TMT Titular C de CUVALLES,1019,2023,CUVALLES,TMT,Titular,C,0,0,,0
712-2023-1020 PA TMT Titular C de CUNORTE,1020,2023,CUNORTE,TMT,Titular,C,0,0,,0
712-2023-1021 PA TMT Titular C de CULAGOS,1021,2023,CULAGOS,TMT,Titular,C,0,0,,0
712-2023-1022 PA TMT Titular C de CUTONALÁ,1022,2023,CUTONALÁ,TMT,Titular,C,0,0,,0
712-2023-1023 PA TMT Titular C de CUTLAJOMULCO,1023,2023,CUTLAJOMULCO,TMT,Titular,C,0,0,,0
712-2023-1024 PA TMT Titular C de SUV,1024,2023,SUV,TMT,Titular,C,0,0,,0
712-2023-1025 PA TMT Titular C de SEMS,1025,2023,SEMS,TMT,Titular,C,0,1,,1
712-2023-1026 PA TMT Titular C de AG,1026,2023,AG,TMT,Titular,C,0,0,,0
712-2023-1027 PA PA  A de CUCEA,1027,2023,CUCEA,PA,,A,86,61,,147
712-2023-1028 PA PA  A de CUCEI,1028,2023,CUCEI,PA,,A,77,40,,117
712-2023-1029 PA PA  A de CUCSH,1029,2023,CUCSH,PA,,A,86,31,,117
712-2023-1030 PA PA  A de CUCS,1030,2023,CUCS,PA,,A,178,146,,324
712-2023-1031 PA PA  A de CUAAD,1031,2023,CUAAD,PA,,A,92,43,,135
712-2023-1032 PA PA  A de CUCBA,1032,2023,CUCBA,PA,,A,41,20,,61
712-2023-1033 PA PA  A de CUALTOS,1033,2023,CUALTOS,PA,,A,34,34,,68
712-2023-1034 PA PA  A de CUCIÉNEGA,1034,2023,CUCIÉNEGA,PA,,A,44,35,,79
712-2023-1035 PA PA  A de CUSUR,1035,2023,CUSUR,PA,,A,47,41,,88
712-2023-1036 PA PA  A de CUCOSTA,1036,2023,CUCOSTA,PA,,A,68,52,,120
712-2023-1037 PA PA  A de CUCOSTASUR,1037,2023,CUCOSTASUR,PA,,A,36,28,,64
712-2023-1038 PA PA  A de CUVALLES,1038,2023,CUVALLES,PA,,A,20,31,,51
712-2023-1039 PA PA  A de CUNORTE,1039,2023,CUNORTE,PA,,A,65,73,,138
712-2023-1040 PA PA  A de CULAGOS,1040,2023,CULAGOS,PA,,A,18,8,,26
712-2023-1041 PA PA  A de CUTONALÁ,1041,2023,CUTONALÁ,PA,,A,88,69,,157
712-2023-1042 PA PA  A de CUTLAJOMULCO,1042,2023,CUTLAJOMULCO,PA,,A,19,20,,39
712-2023-1043 PA PA  A de SUV,1043,2023,SUV,PA,,A,16,34,,50
712-2023-1044 PA PA  A de SEMS,1044,2023,SEMS,PA,,A,307,182,,489
712-2023-1045 PA PA  A de AG,1045,2023,AG,PA,,A,0,1,,1
712-2023-1046 PA PA  B de CUCEA,1046,2023,CUCEA,PA,,B,258,183,,441
712-2023-1047 PA PA  B de CUCEI,1047,2023,CUCEI,PA,,B,252,130,,382
712-2023-1048 PA PA  B de CUCSH,1048,2023,CUCSH,PA,,B,145,114,,259
712-2023-1049 PA PA  B de CUCS,1049,2023,CUCS,PA,,B,450,345,,795
712-2023-1050 PA PA  B de CUAAD,1050,2023,CUAAD,PA,,B,156,114,,270
712-2023-1051 PA PA  B de CUCBA,1051,2023,CUCBA,PA,,B,50,45,,95
712-2023-1052 PA PA  B de CUALTOS,1052,2023,CUALTOS,PA,,B,118,55,,173
712-2023-1053 PA PA  B de CUCIÉNEGA,1053,2023,CUCIÉNEGA,PA,,B,104,85,,189
712-2023-1054 PA PA  B de CUSUR,1054,2023,CUSUR,PA,,B,172,122,,294
712-2023-1055 PA PA  B de CUCOSTA,1055,2023,CUCOSTA,PA,,B,134,105,,239
712-2023-1056 PA PA  B de CUCOSTASUR,1056,2023,CUCOSTASUR,PA,,B,81,55,,136
712-2023-1057 PA PA  B de CUVALLES,1057,2023,CUVALLES,PA,,B,63,58,,121
712-2023-1058 PA PA  B de CUNORTE,1058,2023,CUNORTE,PA,,B,56,90,,146
712-2023-1059 PA PA  B de CULAGOS,1059,2023,CULAGOS,PA,,B,59,48,,107
712-2023-1060 PA PA  B de CUTONALÁ,1060,2023,CUTONALÁ,PA,,B,114,77,,191
712-2023-1061 PA PA  B de CUTLAJOMULCO,1061,2023,CUTLAJOMULCO,PA,,B,32,27,,59
712-2023-1062 PA PA  B de SUV,1062,2023,SUV,PA,,B,85,163,,248
712-2023-1063 PA PA  B de SEMS,1063,2023,SEMS,PA,,B,2206,2185,,4391
712-2023-1064 PA PA  B de AG,1064,2023,AG,PA,,B,0,0,,0
