name,orden,anio,entidad_universitaria,plantel_adscripcion,clave_plantel,nombre_plantel,nombre_plantel_corto,tipo_plantel,conteo,clasificacion_plantel,region_jalisco,municipio,localidad,domicilio,num_ext,num_int,codigo_postal,enlace_plantel,nombre_portal,notas
811 Planteles -1 - 2024 - CUCEA - 14USU0120N,1,2024,CUCEA,,14USU0120N,Centro Universitario de Ciencias Económico Administrativas,CUCEA,Centro Universitario,1,Regional,Región Centro,Zapopan,N/A,Periférico Norte,799,N/A,45100,https://www.cucea.udg.mx,www.cucea.udg.mx,
811 Planteles -2 - 2024 - CUCEI - 14USU0110G,2,2024,CUCEI,,14USU0110G,Centro Universitario de Ciencias Exactas e Ingenierías,CUCEI,Centro Universitario,1,Regional,Región Centro,Guadalajara,N/A,Boulevard Marcelino García Barragán,1421,N/A,44430,http://www.cucei.udg.mx,www.cucei.udg.mx,
811 Planteles -3 - 2024 - CUCSH - 14USU0010H,3,2024,CUCSH,,14USU0010H,Centro Universitario de Ciencias Sociales y Humanidades sede Belenes,CUCSH - Belenes,Centro Universitario,1,Regional,Región Centro,Zapopan,N/A,Avenida José Parres Arias,150,N/A,45132,http://www.cucsh.udg.mx,www.cucsh.udg.mx,
811 Planteles -4 - 2024 - CUCS - 14USU0230T,4,2024,CUCS,,14USU0230T,Centro Universitario de Ciencias de la Salud,CUCS,Centro Universitario,1,Regional,Región Centro,Guadalajara,N/A,Calle Sierra Mojada,950,N/A,44340,https://www.cucs.udg.mx,www.cucs.udg.mx,
811 Planteles -5 - 2024 - CUAAD - 14USU0140A,5,2024,CUAAD,,14USU0140A,"Centro Universitario de Arte, Arquitectura y Diseńo sede Huentitán",CUAAD - Huentitán,Centro Universitario,1,Regional,Región Centro,Guadalajara,N/A,Calzada Independencia Norte,5075,N/A,44250,https://cuaad.udg.mx,cuaad.udg.mx,
811 Planteles -6 - 2024 - CUAAD - 14USU0005W,6,2024,CUAAD,14USU0140A,14USU0005W,"Centro Universitario de Arte, Arquitectura y Diseńo sede Santa María de Gracia",CUAAD - Santa María de Gracia,Sede CU,1,Regional,Región Centro,Guadalajara,N/A,Calle Belén,120,N/A,44100,https://cuaad.udg.mx,cuaad.udg.mx,
811 Planteles -7 - 2024 - CUAAD - 14USU0006V,7,2024,CUAAD,14USU0140A,14USU0006V,"Centro Universitario de Arte, Arquitectura y Diseńo sede San Agustín",CUAAD - San Agustín,Sede CU,1,Regional,Región Centro,Guadalajara,Ex Claustro de San Agustín,Calle Morelos,191,N/A,44100,https://cuaad.udg.mx,cuaad.udg.mx,
811 Planteles -8 - 2024 - CUCBA - 14USU0130U,8,2024,CUCBA,,14USU0130U,Centro Universitario de Ciencias Biológicas y Agropecuarias,CUCBA,Centro Universitario,1,Regional,Región Centro,Zapopan,Nextipac,Camino Ramón Padilla Sánchez,2100,N/A,45200,http://www.cucba.udg.mx,www.cucba.udg.mx,
811 Planteles -9 - 2024 - CUALTOS - 14USU0220M,9,2024,CUALTOS,,14USU0220M,Centro Universitario de los Altos,CUALTOS,Centro Universitario,1,Regional,Región Altos Sur,Tepatitlán de Morelos,N/A,Avenida Rafael Casillas Aceves,1200,N/A,47620,http://www.cualtos.udg.mx,www.cualtos.udg.mx,
811 Planteles -10 - 2024 - CUCIÉNEGA - 14USU0160O,10,2024,CUCIÉNEGA,,14USU0160O,Centro Universitario de la Ciénega sede Ocotlán,CUCIÉNEGA - Ocotlán,Centro Universitario,1,Regional,Región Ciénega,Ocotlán,N/A,Av. Universidad,1115,N/A,47810,https://cuci.udg.mx,cuci.udg.mx,
811 Planteles -11 - 2024 - CUCIÉNEGA - 14USU0150H,11,2024,CUCIÉNEGA,14USU0160O,14USU0150H,Centro Universitario de la Ciénega sede Atotonilco,CUCIÉNEGA - Atotonilco,Sede CU,1,Regional,Región Ciénega,Atotonilco El Alto,N/A,Carretera Guadalajara - Mexico km 84,N/A,N/A,47750,https://atotonilco.cuci.udg.mx,atotonilco.cuci.udg.mx,
811 Planteles -12 - 2024 - CUCIÉNEGA - 14USU0170V,12,2024,CUCIÉNEGA,14USU0160O,14USU0170V,Centro Universitario de la Ciénega sede La Barca,CUCIÉNEGA - La Barca,Sede CU,1,Regional,Región Ciénega,La Barca,Predio las Gaviotas,Carretera La Barca-Ocotlán km 6,N/A,N/A,48470,https://cuci.udg.mx/directorio/Campus-La-Barca,cuci.udg.mx/directorio/Campus-La-Barca,
811 Planteles -13 - 2024 - CUSUR - 14USU0210F,13,2024,CUSUR,,14USU0210F,Centro Universitario del Sur,CUSUR,Centro Universitario,1,Regional,Región Sur,Zapotlán el Grande,Ciudad Guzmán,Avenida Enrique Arreola Silva,883,N/A,49000,http://www.cusur.udg.mx,www.cusur.udg.mx,
811 Planteles -14 - 2024 - CUCOSTA - 14USU0190I,14,2024,CUCOSTA,,14USU0190I,Centro Universitario de la Costa sede Puerto Vallarta,CUCOSTA - Puerto Vallarta,Centro Universitario,1,Regional,Región Costa-Sierra Occidental,Puerto Vallarta,Delegación Ixtapa,Av. Universidad,203,N/A,48280,http://www.cuc.udg.mx,www.cuc.udg.mx,
811 Planteles -15 - 2024 - CUCOSTA - 14USU0009S,15,2024,CUCOSTA,14USU0190I,14USU0009S,Centro Universitario de la Costa sede Tomatlán,CUCOSTA - Tomatlán,Sede CU,1,Regional,Región Costa Sur,Tomatlán,N/A,Calle 20 de Noviembre,500,N/A,48250,http://www.cuc.udg.mx/es/sede-tomatlan-0,www.cuc.udg.mx/es/sede-tomatlan-0,
811 Planteles -16 - 2024 - CUCOSTASUR - 14USU0200Z,16,2024,CUCOSTASUR,,14USU0200Z,Centro Universitario de la Costa Sur sede Autlán,CUCOSTASUR - Autlán,Centro Universitario,1,Regional,Región Sierra de Amula,Autlán de Navarro,N/A,Avenida Independencia Nacional,151,N/A,48900,http://www.cucsur.udg.mx,www.cucsur.udg.mx,
811 Planteles -17 - 2024 - CUCOSTASUR - 14USU0007U,17,2024,CUCOSTASUR,14USU0200Z,14USU0007U,Centro Universitario de la Costa Sur sede San Patricio Melaque,CUCOSTASUR - San Patricio Melaque,Sede CU,1,Regional,Región Costa Sur,Cihuatlán,San Patricio (Melaque),Calle Gomez Farias ,82,N/A,48980,http://www.cucsur.udg.mx,www.cucsur.udg.mx,
811 Planteles -18 - 2024 - CUVALLES - 14USU0003Y,18,2024,CUVALLES,,14USU0003Y,Centro Universitario de los Valles,CUVALLES,Centro Universitario,1,Regional,Región Valles,Ameca,N/A,Carretera Guadalajara - Ameca Km. 45.5,S/N,N/A,46600,http://www.web.valles.udg.mx,www.web.valles.udg.mx,
811 Planteles -19 - 2024 - CUNORTE - 14USU0002Z,19,2024,CUNORTE,,14USU0002Z,Centro Universitario del Norte,CUNORTE,Centro Universitario,1,Regional,Región Norte,Colotlán,N/A,Carretera Federal Colotlán - Huejúcar km 191,23,N/A,46200,https://www.cunorte.udg.mx,www.cunorte.udg.mx,
811 Planteles -20 - 2024 - CULAGOS - 14USU0221L,20,2024,CULAGOS,,14USU0221L,Centro Universitario de los Lagos sede Lagos de Moreno,CULAGOS - Lagos de Moreno,Centro Universitario,1,Regional,Región Altos Norte,Lagos de Moreno,N/A,Avenida Enrique Díaz de León,1144,N/A,47460,https://www.lagos.udg.mx,www.lagos.udg.mx,
811 Planteles -21 - 2024 - CULAGOS - 14USU0222K,21,2024,CULAGOS,14USU0221L,14USU0222K,Centro Universitario de los Lagos sede San Juan de los Lagos,CULAGOS - San Juan de los Lagos,Sede CU,1,Regional,Región Altos Norte,San Juan de Los Lagos,N/A,Calle Tenazas,S/N,N/A,47000,https://www.lagos.udg.mx,www.lagos.udg.mx,
811 Planteles -22 - 2024 - CUTONALÁ - 14USU0008T,22,2024,CUTONALÁ,,14USU0008T,Centro Universitario de Tonalá,CUTONALÁ,Centro Universitario,1,Regional,Región Centro,Tonalá,Ejido San José Tateposco,Avenida Nuevo Periférico,555,N/A,45425,http://www.cutonala.udg.mx,www.cutonala.udg.mx,
811 Planteles -23 - 2024 - CUTLAJOMULCO - 14USU0011G,23,2024,CUTLAJOMULCO,,14USU0011G,Centro Universitario de Tlajomulco,CUTLAJOMULCO,Centro Universitario,1,Regional,Región Centro,Tlajomulco de Zúńiga,Lomas de Tejeda,Carretera Tlajomulco - Santa Fe Km. 3.5,595,N/A,45641,http://www.cutlajomulco.udg.mx,www.cutlajomulco.udg.mx,
811 Planteles -24 - 2024 - CUGUADALAJARA - 14USU0012F,24,2024,CUGUADALAJARA,,14USU0012F,Centro Universitario de Guadalajara,CUGUADALAJARA,Centro Universitario,1,Regional,Región Centro,Guadalajara,Guadalajara,Calle Guanajuato,#N/A,#N/A,44260,https://cugdl.udg.mx/,cugdl.udg.mx,
811 Planteles -25 - 2024 - CUCHAPALA - CUCHAPALA,25,2024,CUCHAPALA,,CUCHAPALA,Centro Universitario de Chapala,CUCHAPALA,Centro Universitario,1,Regional,Región Sureste,Chapala,Chapala,Nińos Héroes,69,,45900,,,
811 Planteles -26 - 2024 - CUTLAQUEPAQUE - CUTLAQUEPAQUE,26,2024,CUTLAQUEPAQUE,,CUTLAQUEPAQUE,Centro Universitario de Tlaquepaque,CUTLAQUEPAQUE,Centro Universitario,1,Regional,Región Centro,San Pedro Tlaquepaque,San Pedro Tlaquepaque,Leocares,323,,45599,,,
811 Planteles -27 - 2024 - SEMS - 14MMS0607X,27,2024,SEMS,,14MMS0607X,Escuela Preparatoria de Jalisco,Prepa Jalisco,Escuela,1,Metropolitano,Región Centro,Guadalajara,Guadalajara,Calle González Ortega,225,N/A,44100,http://prepajalisco.sems.udg.mx,prepajalisco.sems.udg.mx,
811 Planteles -28 - 2024 - SEMS - 14MMS0608W,28,2024,SEMS,,14MMS0608W,Escuela Preparatoria No. 2,Prepa 2,Escuela,1,Metropolitano,Región Centro,Guadalajara,Guadalajara,Calle Álvarez del Castillo,760,N/A,44370,http://prepa2.sems.udg.mx,prepa2.sems.udg.mx,
811 Planteles -29 - 2024 - SEMS - 14MMS0609V,29,2024,SEMS,,14MMS0609V,Escuela Preparatoria No. 3,Prepa 3,Escuela,1,Metropolitano,Región Centro,Guadalajara,Guadalajara,Calle Francisco Gómez de Mendiola,S/N,N/A,44700,http://prepa3.sems.udg.mx,prepa3.sems.udg.mx,
811 Planteles -30 - 2024 - SEMS - 14MMS0610K,30,2024,SEMS,,14MMS0610K,Escuela Preparatoria No. 4,Prepa 4,Escuela,1,Metropolitano,Región Centro,Guadalajara,Guadalajara,Avenida Torrecillas,S/N,N/A,44890,http://prepa4.sems.udg.mx,prepa4.sems.udg.mx,
811 Planteles -31 - 2024 - SEMS - 14MMS0611J,31,2024,SEMS,,14MMS0611J,Escuela Preparatoria No. 5,Prepa 5,Escuela,1,Metropolitano,Región Centro,Guadalajara,Guadalajara,Avenida Fray Andrés de Urdaneta,S/N,N/A,44930,http://prepa5.sems.udg.mx,prepa5.sems.udg.mx,
811 Planteles -32 - 2024 - SEMS - 14MMS0612I,32,2024,SEMS,,14MMS0612I,Escuela Preparatoria No. 6,Prepa 6,Escuela,1,Metropolitano,Región Centro,San Pedro Tlaquepaque,San Pedro Tlaquepaque,Avenida Literatura,S/N,N/A,44990,http://prepa6.sems.udg.mx,prepa6.sems.udg.mx,
811 Planteles -33 - 2024 - SEMS - 14MMS0613H,33,2024,SEMS,,14MMS0613H,Escuela Preparatoria No. 7,Prepa 7,Escuela,1,Metropolitano,Región Centro,Zapopan,Zapopan,Avenida Tesistán,S/N,N/A,45130,http://prepa7.sems.udg.mx,prepa7.sems.udg.mx,
811 Planteles -34 - 2024 - SEMS - 14MMS0647Y,34,2024,SEMS,,14MMS0647Y,Escuela Preparatoria No. 8,Prepa 8,Escuela,1,Metropolitano,Región Centro,Zapopan,Zapopan,Periférico Norte,1900,N/A,45180,http://prepa8.sems.udg.mx,prepa8.sems.udg.mx,
811 Planteles -35 - 2024 - SEMS - 14MMS0762P,35,2024,SEMS,14MMS0647Y,14MMS0762P,Módulo Cuquío,Módulo Cuquío,Módulo,1,Regional,Región Centro,Cuquío,Cuquío,Calle Avenal,54,N/A,45480,http://prepa8.sems.udg.mx,prepa8.sems.udg.mx,
811 Planteles -36 - 2024 - SEMS - 14MMS0761Q,36,2024,SEMS,14MMS0647Y,14MMS0761Q,Módulo Ixtlahuacán del Río,Módulo Ixtlahuacán del Río,Módulo,1,Regional,Región Centro,Ixtlahuacán del Río,Ixtlahuacán del Río,Calle Mariano Matamoros,1,N/A,45260,http://prepa8.sems.udg.mx,prepa8.sems.udg.mx,
811 Planteles -37 - 2024 - SEMS - 14MMS0648X,37,2024,SEMS,,14MMS0648X,Escuela Preparatoria No. 9,Prepa 9,Escuela,1,Metropolitano,Región Centro,Zapopan,Zapopan,Avenida Dr. Mateo del Regil,S/N,N/A,45236,http://prepa9.sems.udg.mx,prepa9.sems.udg.mx,
811 Planteles -38 - 2024 - SEMS - 14MMS0649W,38,2024,SEMS,,14MMS0649W,Escuela Preparatoria No. 10,Prepa 10,Escuela,1,Metropolitano,Región Centro,Zapopan,Zapopan,Calle La Grana,430,2,45132,http://prepa10.sems.udg.mx,prepa10.sems.udg.mx,
811 Planteles -39 - 2024 - SEMS - 14MMS0650L,39,2024,SEMS,,14MMS0650L,Escuela Preparatoria No. 11,Prepa 11,Escuela,1,Metropolitano,Región Centro,Guadalajara,Guadalajara,Calle Sierra Nevada,990,N/A,44290,http://prepa11.sems.udg.mx,prepa11.sems.udg.mx,
811 Planteles -40 - 2024 - SEMS - 14MMS0646Z,40,2024,SEMS,,14MMS0646Z,Escuela Preparatoria No. 12,Prepa 12,Escuela,1,Metropolitano,Región Centro,Guadalajara,Guadalajara,Calle Corregidora (calle 40),500,N/A,44420,http://prepa12.sems.udg.mx,prepa12.sems.udg.mx,
811 Planteles -41 - 2024 - SEMS - 14MMS0615F,41,2024,SEMS,,14MMS0615F,Escuela Preparatoria No. 13 “El Sauz”,Prepa 13,Escuela,1,Metropolitano,Región Centro,Guadalajara,Guadalajara,Calle Isla Pianosa,4575,N/A,45589,http://prepa13.sems.udg.mx,prepa13.sems.udg.mx,
811 Planteles -42 - 2024 - SEMS - 14MMS0630Y,42,2024,SEMS,,14MMS0630Y,Escuela Preparatoria No. 14,Prepa 14,Escuela,1,Metropolitano,Región Centro,Guadalajara,Guadalajara,Calle Volcán Mińo,185,N/A,44250,http://prepa14.sems.udg.mx,prepa14.sems.udg.mx,
811 Planteles -43 - 2024 - SEMS - 14MMS0641D,43,2024,SEMS,14MMS0630Y,14MMS0641D,Módulo La Experiencia,Módulo La Experiencia,Módulo,1,Metropolitano,Región Centro,Zapopan,Zapopan,Calle Hidalgo ,2,N/A,45198,http://prepa14.sems.udg.mx,prepa14.sems.udg.mx,
811 Planteles -44 - 2024 - SEMS - 14MMS0631X,44,2024,SEMS,,14MMS0631X,Escuela Preparatoria No. 15,Prepa 15,Escuela,1,Metropolitano,Región Centro,Zapopan,Zapopan,Calle 5 de Mayo,S/N,N/A,45019,http://prepa15.sems.udg.mx,prepa15.sems.udg.mx,
811 Planteles -45 - 2024 - SEMS - 14MMS0636S,45,2024,SEMS,,14MMS0636S,Escuela Preparatoria No. 16,Prepa 16,Escuela,1,Metropolitano,Región Centro,San Pedro Tlaquepaque,San Pedro Tlaquepaque,Calle Santa Cruz,33,N/A,45000,http://prepa16.sems.udg.mx,prepa16.sems.udg.mx,
811 Planteles -46 - 2024 - SEMS - 14MMS0752I,46,2024,SEMS,,14MMS0752I,Escuela Preparatoria No. 17,Prepa 17,Escuela,1,Metropolitano,Región Centro,El Salto,El Salto,Avenida Emiliano Zapata,2568,F - 2,45690,http://prepa17.sems.udg.mx,prepa17.sems.udg.mx,
811 Planteles -47 - 2024 - SEMS - 14MMS0753H,47,2024,SEMS,,14MMS0753H,Escuela Preparatoria No. 18,Prepa 18,Escuela,1,Metropolitano,Región Centro,Guadalajara,Guadalajara,Calle Hacienda Cedros,1950,N/A,44700,http://prepa18.sems.udg.mx,prepa18.sems.udg.mx,
811 Planteles -48 - 2024 - SEMS - 14MMS0757D,48,2024,SEMS,,14MMS0757D,Escuela Preparatoria No. 19,Prepa 19,Escuela,1,Metropolitano,Región Centro,Zapopan,Zapopan,Calle Paseo del Almendro,S/N,N/A,45200,http://prepa19.sems.udg.mx,prepa19.sems.udg.mx,
811 Planteles -49 - 2024 - SEMS - 14MMS0756E,49,2024,SEMS,,14MMS0756E,Escuela Preparatoria No. 20,Prepa 20,Escuela,1,Metropolitano,Región Centro,Zapopan,Zapopan,Calle Paseos del bosque,S/N,N/A,45066,http://prepa20.sems.udg.mx,prepa20.sems.udg.mx,
811 Planteles -50 - 2024 - SEMS - 14MMS0614G,50,2024,SEMS,,14MMS0614G,Escuela Vocacional,Escuela Vocacional,Escuela,1,Metropolitano,Región Centro,Guadalajara,Guadalajara,Boulevard Gral. Marcelino García Barragán,32,N/A,44430,http://voca.sems.udg.mx,voca.sems.udg.mx,
811 Planteles -51 - 2024 - SEMS - 14MMS0645Z,51,2024,SEMS,,14MMS0645Z,"Escuela Preparatoria de Tonalá “Dra. Ruth Padilla Muńoz""",Prepa Tonalá,Escuela,1,Metropolitano,Región Centro,Tonalá,Tonalá,Calle Independencia,232,N/A,45400,http://prepatonala.sems.udg.mx,prepatonala.sems.udg.mx,
811 Planteles -52 - 2024 - SEMS - 14MMS0623O,52,2024,SEMS,,14MMS0623O,Escuela Preparatoria Regional Tonalá Norte,Prepa Tonalá Norte,Escuela,1,Metropolitano,Región Centro,Tonalá,Tonalá,Avenida Juan Gil Preciado,S/N,N/A,45409,http://prepatonalanorte.sems.udg.mx,prepatonalanorte.sems.udg.mx,
811 Planteles -53 - 2024 - SEMS - 14MMS0776S,53,2024,SEMS,,14MMS0776S,Escuela Politécnica de Guadalajara,Poli de Guadalajara,Escuela,1,Metropolitano,Región Centro,Guadalajara,Guadalajara,Avenida Revolución,1500,N/A,44420,http://politecnica.sems.udg.mx,politecnica.sems.udg.mx,
811 Planteles -54 - 2024 - SEMS - 14MMS0799C,54,2024,SEMS,,14MMS0799C,Escuela Politécnica “Ing. Jorge Matute Remus”,Poli Ing. Jorge Matute Remus,Escuela,1,Metropolitano,Región Centro,Zapopan,Zapopan,Calle La Grana,430,1,45132,http://www.politecnicamatute.sems.udg.mx,www.politecnicamatute.sems.udg.mx,
811 Planteles -55 - 2024 - SEMS - 14MMS0878P,55,2024,SEMS,,14MMS0878P,Escuela Preparatoria No. 21 de Zapopan,Prepa 21,Escuela,1,Metropolitano,Región Centro,Zapopan,Zapopan,Carretera Guadalajara-Colotlán,Km 6.5,N/A,45200,http://prepa21.sems.udg.mx,prepa21.sems.udg.mx,
811 Planteles -56 - 2024 - SEMS - 14MMS0844Z,56,2024,SEMS,,14MMS0844Z,Escuela Preparatoria No. 22 de Tlaquepaque,Prepa 22,Escuela,1,Metropolitano,Región Centro,San Pedro Tlaquepaque,San Pedro Tlaquepaque,Calle Pedro Coronel,S/N,N/A,45559,http://prepa22.sems.udg.mx,prepa22.sems.udg.mx,
811 Planteles -57 - 2024 - SEMS - 14MMS0640E,57,2024,SEMS,,14MMS0640E,Escuela Preparatoria de Tlaquepaque,Escuela Tlaquepaque,Escuela,1,Metropolitano,Región Centro,San Pedro Tlaquepaque,San Pedro Tlaquepaque,Calle Francisco de Miranda,75,N/A,44500,,,
811 Planteles -58 - 2024 - SEMS - 14MMS0643B,58,2024,SEMS,,14MMS0643B,Escuela Preparatoria Regional de Ahualulco de Mercado,EPR de Ahualulco de Mercado,Escuela,1,Regional,Región Valles,Ahualulco de Mercado,Ahualulco de Mercado,Calle 20 de Noviembre,110,N/A,46730,http://prepaahualulco.sems.udg.mx,prepaahualulco.sems.udg.mx,
811 Planteles -59 - 2024 - SEMS - 14MMS0727J,59,2024,SEMS,14MMS0643B,14MMS0727J,Módulo Teuchitlán,Módulo Teuchitlán,Módulo,1,Regional,Región Valles,Teuchitlán,Teuchitlán,Calle 16 de Septiembre,16 de Septiembre,N/A,46760,http://prepaahualulco.sems.udg.mx,prepaahualulco.sems.udg.mx,
811 Planteles -60 - 2024 - SEMS - 14MMS0717C,60,2024,SEMS,,14MMS0717C,Escuela Preparatoria Regional de Amatitán,EPR de Amatitán,Escuela,1,Regional,Región Valles,Amatitán,Amatitán,Calle López Mateos,165,N/A,45380,http://prepaamatitan.sems.udg.mx,prepaamatitan.sems.udg.mx,
811 Planteles -61 - 2024 - SEMS - 14MMS0741C,61,2024,SEMS,14MMS0717C,14MMS0741C,Módulo “El Salvador”,Módulo El Salvador,Módulo,1,Regional,Región Valles,Tequila,Tequila,Calle Iturbide,S/N,N/A,46408,http://prepaamatitan.sems.udg.mx,prepaamatitan.sems.udg.mx,
811 Planteles -62 - 2024 - SEMS - 14MMS0617D,62,2024,SEMS,,14MMS0617D,Escuela Preparatoria Regional de Ameca,EPR de Ameca,Escuela,1,Regional,Región Valles,Ameca,Ameca,Calle Lic. Enrique Díaz de León,205,N/A,46600,http://prepaameca.sems.udg.mx,prepaameca.sems.udg.mx,
811 Planteles -63 - 2024 - SEMS - 14MMS0662Q,63,2024,SEMS,14MMS0617D,14MMS0662Q,"Módulo de Atenguillo “Mtro. José Alfredo Peńa Ramos""",Módulo Atenguillo,Módulo,1,Regional,Región Costa-Sierra Occidental,Atenguillo,Atenguillo,Avenida Ameca,1000,N/A,48100,http://prepaameca.sems.udg.mx,prepaameca.sems.udg.mx,
811 Planteles -64 - 2024 - SEMS - 14MMS0663P,64,2024,SEMS,14MMS0617D,14MMS0663P,Módulo Mascota,Módulo Mascota,Módulo,1,Regional,Región Costa-Sierra Occidental,Mascota,Mascota,Calle Salvador Chávez Magańa,68,N/A,46900,http://prepaameca.sems.udg.mx,prepaameca.sems.udg.mx,
811 Planteles -65 - 2024 - SEMS - 14MMS0664O,65,2024,SEMS,14MMS0617D,14MMS0664O,Módulo San Antonio Matute,Módulo San Antonio Matute,Módulo,1,Regional,Región Valles,Ameca,Ameca,Avenida Ameca,S/N,N/A,46700,http://prepaameca.sems.udg.mx,prepaameca.sems.udg.mx,
811 Planteles -66 - 2024 - SEMS - 14MMS0665N,66,2024,SEMS,14MMS0617D,14MMS0665N,Módulo Talpa de Allende,Módulo Talpa de Allende,Módulo,1,Regional,Región Costa-Sierra Occidental,Talpa de Allende,Talpa de Allende,Calle Manuela Navarro Alatorre,1,N/A,48200,http://prepaameca.sems.udg.mx,prepaameca.sems.udg.mx,
811 Planteles -67 - 2024 - SEMS - 14MMS0619B,67,2024,SEMS,,14MMS0619B,Escuela Preparatoria Regional de Arandas,EPR de Arandas,Escuela,1,Regional,Región Altos Sur,Arandas,Arandas,Calle General Arteaga,345,N/A,47180,http://prepaarandas.sems.udg.mx,prepaarandas.sems.udg.mx,
811 Planteles -68 - 2024 - SEMS - 14MMS0666M,68,2024,SEMS,14MMS0619B,14MMS0666M,Módulo Jesús María,Módulo Jesús María,Módulo,1,Regional,Región Altos Sur,Jesús María,Jesús María,Avenida Prolongación Jalisco,4,N/A,47950,http://prepaarandas.sems.udg.mx,prepaarandas.sems.udg.mx,
811 Planteles -69 - 2024 - SEMS - 14MMS0667L,69,2024,SEMS,14MMS0619B,14MMS0667L,Módulo San Ignacio Cerro Gordo,Módulo San Ignacio Cerro Gordo,Módulo,1,Regional,Región Altos Sur,San Ignacio Cerro Gordo,San Ignacio Cerro Gordo,Calle Nińos Héroes,120,N/A,47190,http://prepaarandas.sems.udg.mx,prepaarandas.sems.udg.mx,
811 Planteles -70 - 2024 - SEMS - 14MMS0728I,70,2024,SEMS,14MMS0619B,14MMS0728I,Módulo Santa María del Valle,Módulo Santa María del Valle,Módulo,1,Regional,Región Altos Sur,Arandas,Arandas,Calle Jesús Campos,S/N,N/A,47196,http://prepaarandas.sems.udg.mx,prepaarandas.sems.udg.mx,
811 Planteles -71 - 2024 - SEMS - 14MMS0618C,71,2024,SEMS,,14MMS0618C,Escuela Preparatoria Regional de Atotonilco,EPR de Atotonilco,Escuela,1,Regional,Región Ciénega,Atotonilco el Alto,Atotonilco el Alto,Carretera Guadalajara - México,Km 84,N/A,47750,http://prepaatotonilco.sems.udg.mx,prepaatotonilco.sems.udg.mx,
811 Planteles -72 - 2024 - SEMS - 14MMS0668K,72,2024,SEMS,14MMS0618C,14MMS0668K,Módulo Ayotlán,Módulo Ayotlán,Módulo,1,Regional,Región Ciénega,Ayotlán,Ayotlan,Carretera Ayotlan - La Piedad,Km 0.5,N/A,47930,http://prepaatotonilco.sems.udg.mx,prepaatotonilco.sems.udg.mx,
811 Planteles -73 - 2024 - SEMS - 14MMS0747X,73,2024,SEMS,14MMS0618C,14MMS0747X,Módulo La Ribera,Módulo La Ribera,Módulo,1,Regional,Región Ciénega,Ayotlán,Ayotlan,Calle Benito Juárez,S/N,N/A,47930,http://prepaatotonilco.sems.udg.mx,prepaatotonilco.sems.udg.mx,
811 Planteles -74 - 2024 - SEMS - 14MMS0750K,74,2024,SEMS,14MMS0618C,14MMS0750K,Módulo San Francisco de Asís,Módulo San Francisco de Asís,Módulo,1,Regional,Región Ciénega,Atotonilco el Alto,Atotonilco el Alto,Calle Orozco ,S/N,N/A,47755,http://prepaatotonilco.sems.udg.mx,prepaatotonilco.sems.udg.mx,
811 Planteles -75 - 2024 - SEMS - 14MMS0621Q,75,2024,SEMS,,14MMS0621Q,Escuela Preparatoria Regional de Autlán,EPR de Autlán de Navarro,Escuela,1,Regional,Región Sierra de Amula,Autlán de Navarro,Autlán de Navarro,Avenida Universidad ,407,N/A,48900,http://prepaautlan.sems.udg.mx,prepaautlan.sems.udg.mx,
811 Planteles -76 - 2024 - SEMS - 14MMS0622P,76,2024,SEMS,,14MMS0622P,Escuela Preparatoria Regional de Casimiro Castillo,EPR de Casimiro Castillo,Escuela,1,Regional,Región Costa Sur,Casimiro Castillo,Casimiro Castillo,Carretera Guadalajara - Barra de Navidad,Km 1.5,N/A,48930,http://prepacasimiro.sems.udg.mx,prepacasimiro.sems.udg.mx,
811 Planteles -77 - 2024 - SEMS - 14MMS0732V,77,2024,SEMS,14MMS0622P,14MMS0732V,Módulo Ayotitlán,Módulo Ayotitlán,Módulo,1,Regional,Región Costa Sur,Cuautitlán de García Barragán,Cuautitlán de García Barragán,Carretera El Rincón de Ayotitlán,Km 1,N/A,48962,http://prepacasimiro.sems.udg.mx,prepacasimiro.sems.udg.mx,
811 Planteles -78 - 2024 - SEMS - 14MMS0733U,78,2024,SEMS,14MMS0622P,14MMS0733U,Módulo Chacala,Módulo Chacala,Módulo,1,Regional,Región Costa Sur,Cuautitlán de García Barragán,Cuautitlán de García Barragán,Calle Independencia,S/N,N/A,48967,http://prepacasimiro.sems.udg.mx,prepacasimiro.sems.udg.mx,
811 Planteles -79 - 2024 - SEMS - 14MMS0674V,79,2024,SEMS,14MMS0622P,14MMS0674V,Módulo Cuautitlán de García Barragán,Módulo Cuautitlán,Módulo,1,Regional,Región Costa Sur,Cuautitlán de García Barragán,Cuautitlán de García Barragán,Avenida Prolongación Hidalgo,150,N/A,48950,http://prepacasimiro.sems.udg.mx,prepacasimiro.sems.udg.mx,
811 Planteles -80 - 2024 - SEMS - 14MMS0675U,80,2024,SEMS,14MMS0622P,14MMS0675U,Módulo H. Galeana,Módulo Hermenegildo Galeana,Módulo,1,Regional,Región Costa Sur,Casimiro Castillo,Casimiro Castillo,Calle Juan De Dios Peza,1,N/A,48940,http://prepacasimiro.sems.udg.mx,prepacasimiro.sems.udg.mx,
811 Planteles -81 - 2024 - SEMS - 14MMS0676T,81,2024,SEMS,14MMS0622P,14MMS0676T,Módulo La Huerta,Módulo La Huerta,Módulo,1,Regional,Región Costa Sur,La Huerta,La Huerta,Calle Lic. Luis Echeverría Álvarez,S/N,N/A,48850,http://prepacasimiro.sems.udg.mx,prepacasimiro.sems.udg.mx,
811 Planteles -82 - 2024 - SEMS - 14MMS0736R,82,2024,SEMS,14MMS0622P,14MMS0736R,Módulo Telcruz,Módulo Telcruz,Módulo,1,Regional,Región Costa Sur,Cuautitlán de García Barragán,Cuautitlán de García Barragán,Camino Al campo de fútbol,S/N,N/A,48963,http://prepacasimiro.sems.udg.mx,prepacasimiro.sems.udg.mx,
811 Planteles -83 - 2024 - SEMS - 14MMS0677S,83,2024,SEMS,14MMS0622P,14MMS0677S,Módulo Villa Purificación,Módulo Villa Purificación,Módulo,1,Regional,Región Costa Sur,Villa Purificación,Villa Purificación,Calle Marcelino García Barragán ,51,N/A,48800,http://prepacasimiro.sems.udg.mx,prepacasimiro.sems.udg.mx,
811 Planteles -84 - 2024 - SEMS - 14MMS0734T,84,2024,SEMS,14MMS0622P,14MMS0734T,Módulo Cuzalapa,Módulo Cuzalapa,Módulo,1,Regional,Región Costa Sur,Cuautitlán de García Barragán,Cuautitlán de García Barragán,Camino Al Basurero,S/N,N/A,48954,http://prepacasimiro.sems.udg.mx,prepacasimiro.sems.udg.mx,
811 Planteles -85 - 2024 - SEMS - 14MMS0735S,85,2024,SEMS,14MMS0622P,14MMS0735S,Módulo Tecomates,Módulo Tecomates,Módulo,1,Regional,Región Costa Sur,Casimiro Castillo,Casimiro Castillo,Avenida Independencia,S/N,N/A,48946,http://prepacasimiro.sems.udg.mx,prepacasimiro.sems.udg.mx,
811 Planteles -86 - 2024 - SEMS - 14MMS0737Q,86,2024,SEMS,14MMS0622P,14MMS0737Q,Módulo Tequesquitlán,Módulo Tequesquitlán,Módulo,1,Regional,Región Costa Sur,Cuautitlán de García Barragán,Cuautitlán de García Barragán,Calle Zaragoza ,S/N,N/A,48965,http://prepacasimiro.sems.udg.mx,prepacasimiro.sems.udg.mx,
811 Planteles -87 - 2024 - SEMS - 14MMS0651K,87,2024,SEMS,,14MMS0651K,Escuela Preparatoria Regional de Chapala,EPR de Chapala,Escuela,1,Regional,Región Sureste,Chapala,Chapala,Avenida Teófilo Silva,1,N/A,45900,http://prepachapala.sems.udg.mx,prepachapala.sems.udg.mx,
811 Planteles -88 - 2024 - SEMS - 14MMS0698E,88,2024,SEMS,14MMS0651K,14MMS0698E,Módulo de Mezcala,Módulo Mezcala de la Asunción,Módulo,1,Regional,Región Ciénega,Poncitlán,Poncitlán,Calle Encarnación Rosas ,206,N/A,45970,http://prepachapala.sems.udg.mx,prepachapala.sems.udg.mx,
811 Planteles -89 - 2024 - SEMS - 14MMS0624N,89,2024,SEMS,,14MMS0624N,Escuela Preparatoria Regional de Cihuatlán,EPR de Cihuatlán,Escuela,1,Regional,Región Costa Sur,Cihuatlán,Cihuatlán,Calle Bachilleres ,S/N,N/A,48970,http://prepacihuatlan.sems.udg.mx,prepacihuatlan.sems.udg.mx,
811 Planteles -90 - 2024 - SEMS - 14MMS0682D,90,2024,SEMS,14MMS0624N,14MMS0682D,Módulo Miguel Hidalgo,Módulo Miguel Hidalgo,Módulo,1,Regional,Región Costa Sur,La Huerta,La Huerta,Avenida Preparatoria ,S/N,N/A,48893,http://prepacihuatlan.sems.udg.mx,prepacihuatlan.sems.udg.mx,
811 Planteles -91 - 2024 - SEMS - 14MMS0683C,91,2024,SEMS,14MMS0624N,14MMS0683C,Módulo San Patricio Melaque,Módulo San Patricio Melaque,Módulo,1,Regional,Región Costa Sur,Cihuatlán,Cihuatlán,Prolongación Hidalgo  ,1080,N/A,48980,http://prepacihuatlan.sems.udg.mx,prepacihuatlan.sems.udg.mx,
811 Planteles -92 - 2024 - SEMS - 14MMS0626L,92,2024,SEMS,,14MMS0626L,Escuela Preparatoria Regional de Ciudad Guzmán,EPR de Ciudad Guzmán,Escuela,1,Regional,Región Sur,Zapotlán el Grande,Zapotlán el Grande,Avenida Juan José Arreola,850,N/A,49026,http://prepaciudadguzman.sems.udg.mx,prepaciudadguzman.sems.udg.mx,
811 Planteles -93 - 2024 - SEMS - 14MMS0758C,93,2024,SEMS,14MMS0626L,14MMS0758C,Módulo Copala,Módulo Copala,Módulo,1,Regional,Región Sur,Tolimán,Tolimán,Calle Libertad ,S/N,N/A,49760,http://prepaciudadguzman.sems.udg.mx,prepaciudadguzman.sems.udg.mx,
811 Planteles -94 - 2024 - SEMS - 14MMS0680F,94,2024,SEMS,14MMS0626L,14MMS0680F,Módulo Tolimán,Módulo Tolimán,Módulo,1,Regional,Región Sur,Tolimán,Tolimán,Prolongación Aldama ,S/N,N/A,49750,http://prepaciudadguzman.sems.udg.mx,prepaciudadguzman.sems.udg.mx,
811 Planteles -95 - 2024 - SEMS - 14MMS0681E,95,2024,SEMS,14MMS0626L,14MMS0681E,Módulo Zapotitlán de Vadillo,Módulo Zapotitlán de Vadillo,Módulo,1,Regional,Región Sur,Zapotitlán de Vadillo,Zapotitlán de Vadillo,Calle Pedro de Gante,123,N/A,49770,http://prepaciudadguzman.sems.udg.mx,prepaciudadguzman.sems.udg.mx,
811 Planteles -96 - 2024 - SEMS - 14MMS0707W,96,2024,SEMS,,14MMS0707W,Escuela Preparatoria Regional de Cocula,EPR de Cocula,Escuela,1,Regional,Región Lagunas,Cocula,Cocula,Calle Ángulo ,90,N/A,48500,http://prepacocula.sems.udg.mx,prepacocula.sems.udg.mx,
811 Planteles -97 - 2024 - SEMS - 14MMS0625M,97,2024,SEMS,,14MMS0625M,Escuela Preparatoria Regional de Colotlán,EPR de Colotlán,Escuela,1,Regional,Región Norte,Colotlán,Colotlán,Calle Benemérita Universidad de Guadalajara,2,N/A,46200,http://prepacolotlan.sems.udg.mx,prepacolotlan.sems.udg.mx,
811 Planteles -98 - 2024 - SEMS - 14MMS0738P,98,2024,SEMS,14MMS0625M,14MMS0738P,Módulo Bolańos,Módulo Bolańos,Módulo,1,Regional,Región Norte,Bolańos,Bolańos,Calle La playita,13,N/A,46130,http://prepacolotlan.sems.udg.mx,prepacolotlan.sems.udg.mx,
811 Planteles -99 - 2024 - SEMS - 14MMS0684B,99,2024,SEMS,14MMS0625M,14MMS0684B,Módulo Huejúcar,Módulo Huejúcar,Módulo,1,Regional,Región Norte,Huejúcar,Huejúcar,Calle Jazmín ,16,N/A,46260,http://prepacolotlan.sems.udg.mx,prepacolotlan.sems.udg.mx,
811 Planteles -100 - 2024 - SEMS - 14MMS0687Z,100,2024,SEMS,14MMS0625M,14MMS0687Z,Módulo San Martin de Bolańos,Módulo San Martín de Bolańos,Módulo,1,Regional,Región Norte,San Martín de Bolańos,San Martín de Bolańos,Calle 5 de Mayo,10,N/A,46350,http://prepacolotlan.sems.udg.mx,prepacolotlan.sems.udg.mx,
811 Planteles -101 - 2024 - SEMS - 14MMS0688Y,101,2024,SEMS,14MMS0625M,14MMS0688Y,Módulo Villa Guerrero,Módulo Villa Guerrero,Módulo,1,Regional,Región Norte,Villa Guerrero,Villa Guerrero,Calle Pino Suárez,S/N,N/A,46100,http://prepacolotlan.sems.udg.mx,prepacolotlan.sems.udg.mx,
811 Planteles -102 - 2024 - SEMS - 14MMS0652J,102,2024,SEMS,,14MMS0652J,Escuela Preparatoria Regional de Degollado,EPR de Degollado,Escuela,1,Regional,Región Ciénega,Degollado,Degollado,Calle Roberto Quezada Ońate,S/N,N/A,47980,http://prepadegollado.sems.udg.mx,prepadegollado.sems.udg.mx,
811 Planteles -103 - 2024 - SEMS - 14MMS0718B,103,2024,SEMS,,14MMS0718B,Escuela Preparatoria Regional de El Arenal,EPR de El Arenal,Escuela,1,Regional,Región Valles,El Arenal,El Arenal,Calle Retinto,12,N/A,45350,http://prepaelarenal.sems.udg.mx,prepaelarenal.sems.udg.mx,
811 Planteles -104 - 2024 - SEMS - 14MMS0637R,104,2024,SEMS,,14MMS0637R,Escuela Preparatoria Regional de El Grullo,EPR de El Grullo,Escuela,1,Regional,Región Sierra de Amula,El Grullo,El Grullo,Circunvalación Poniente,S/N,N/A,48740,http://prepaelgrullo.sems.udg.mx,prepaelgrullo.sems.udg.mx,
811 Planteles -105 - 2024 - SEMS - 14MMS0760R,105,2024,SEMS,14MMS0637R,14MMS0760R,Módulo El Chante,Módulo El Chante,Módulo,1,Regional,Región Sierra de Amula,Autlán de Navarro,Autlán de Navarro,Calle Jesús Martínez,80,N/A,48918,http://prepaelgrullo.sems.udg.mx,prepaelgrullo.sems.udg.mx,
811 Planteles -106 - 2024 - SEMS - 14MMS0671Y,106,2024,SEMS,14MMS0637R,14MMS0671Y,Módulo El Limón,Módulo El Limón,Módulo,1,Regional,Región Sierra de Amula,El Limón,El Limón,Calle Lázaro Cárdenas,50,N/A,48700,http://prepaelgrullo.sems.udg.mx,prepaelgrullo.sems.udg.mx,
811 Planteles -107 - 2024 - SEMS - 14MMS0673W,107,2024,SEMS,14MMS0637R,14MMS0673W,Módulo Tonaya,Módulo Tonaya,Módulo,1,Regional,Región Sierra de Amula,Tonaya,Tonaya,Calle Tenochtitlán ,40,N/A,48760,http://prepaelgrullo.sems.udg.mx,prepaelgrullo.sems.udg.mx,
811 Planteles -108 - 2024 - SEMS - 14MMS0731W,108,2024,SEMS,14MMS0637R,14MMS0731W,Módulo Tuxcacuesco,Módulo Tuxcacuesco,Módulo,1,Regional,Región Sierra de Amula,Tuxcacuesco,Tuxcacuesco,Prolongación Centenario ,S/N,N/A,48770,http://prepaelgrullo.sems.udg.mx,prepaelgrullo.sems.udg.mx,
811 Planteles -109 - 2024 - SEMS - 14MMS0654H,109,2024,SEMS,,14MMS0654H,Escuela Preparatoria Regional de El Salto,EPR de El Salto,Escuela,1,Metropolitano,Región Centro,El Salto,El Salto,Avenida Revolución ,80,N/A,45680,http://prepaelsalto.sems.udg.mx,prepaelsalto.sems.udg.mx,
811 Planteles -110 - 2024 - SEMS - 14MMS0879O,110,2024,SEMS,14MMS0654H,14MMS0879O,Módulo Juanacatlán,Módulo Juanacatlán,Módulo,1,Metropolitano,Región Centro,Juanacatlán,Juanacatlán,Calle Juárez ,58,N/A,45880,http://prepaelsalto.sems.udg.mx,prepaelsalto.sems.udg.mx,
811 Planteles -111 - 2024 - SEMS - 14MMS0642C,111,2024,SEMS,,14MMS0642C,Escuela Preparatoria Regional de Etzatlán,EPR de Etzatlán,Escuela,1,Regional,Región Valles,Etzatlán,Etzatlán,Calle Sinaloa Poniente,175,N/A,46500,http://prepaetzatlan.sems.udg.mx,prepaetzatlan.sems.udg.mx,
811 Planteles -112 - 2024 - SEMS - 14MMS0726K,112,2024,SEMS,14MMS0642C,14MMS0726K,Módulo Oconahua,Módulo Oconahua,Módulo,1,Regional,Región Valles,Etzatlán,Etzatlán,Calle Ramón García Preciado,20,N/A,46530,http://prepaetzatlan.sems.udg.mx,prepaetzatlan.sems.udg.mx,
811 Planteles -113 - 2024 - SEMS - 14MMS0661R,113,2024,SEMS,14MMS0642C,14MMS0661R,Módulo San Marcos,Módulo San Marcos,Módulo,1,Regional,Región Valles,San Marcos,San Marcos,Calle Constitución ,70,N/A,46540,http://prepaetzatlan.sems.udg.mx,prepaetzatlan.sems.udg.mx,
811 Planteles -114 - 2024 - SEMS - 14MMS0685A,114,2024,SEMS,,14MMS0685A,Escuela Preparatoria Regional de Huejuquilla el Alto,EPR de Huejuquilla el Alto,Escuela,1,Regional,Región Norte,Huejuquilla el Alto,Huejuquilla el Alto,Calle Allende,68,N/A,46000,http://prepahuejuquilla.sems.udg.mx,prepahuejuquilla.sems.udg.mx,
811 Planteles -115 - 2024 - SEMS - 14MMS0686Z,115,2024,SEMS,14MMS0685A,14MMS0686Z,Módulo Mezquitic,Módulo Mezquitic,Módulo,1,Regional,Región Norte,Mezquitic,Mezquitic,Prolongación Ignacio Allende ,99,N/A,46040,http://prepahuejuquilla.sems.udg.mx,prepahuejuquilla.sems.udg.mx,
811 Planteles -116 - 2024 - SEMS - 14MMS0798D,116,2024,SEMS,,14MMS0798D,Escuela Preparatoria Regional de Ixtlahuacán de los Membrillos,EPR Ixtlahuacán de los Membrillos,Escuela,1,Metropolitano,Región Centro,Ixtlahuacán de los Membrillos,Ixtlahuacán de los Membrillos,Circuito Real del Lago Sur,475,N/A,45877,http://prepaixtlahuacan.sems.udg.mx,prepaixtlahuacan.sems.udg.mx,
811 Planteles -117 - 2024 - SEMS - 14MMS0705Y,117,2024,SEMS,,14MMS0705Y,Escuela Preparatoria Regional de Jalostotitlán,EPR de Jalostotitlán,Escuela,1,Regional,Región Altos Sur,Jalostotitlán,Jalostotitlán,Calle Ramón Corona,174,N/A,47120,http://prepajalostotitlan.sems.udg.mx,prepajalostotitlan.sems.udg.mx,
811 Planteles -118 - 2024 - SEMS - 14MMS0693J,118,2024,SEMS,,14MMS0693J,Escuela Preparatoria Regional de Jamay,EPR de Jamay,Escuela,1,Regional,Región Ciénega,Jamay,Jamay,Calle Obispo Ramón Godínez,68,N/A,47900,http://prepajamay.sems.udg.mx,prepajamay.sems.udg.mx,
811 Planteles -119 - 2024 - SEMS - 14MMS0653I,119,2024,SEMS,,14MMS0653I,Escuela Preparatoria de Jocotepec,EPR de Jocotepec,Escuela,1,Regional,Región Sureste,Jocotepec,Jocotepec,Calle Donato Guerra,105,N/A,45800,http://prepajocotepec.sems.udg.mx,prepajocotepec.sems.udg.mx,
811 Planteles -120 - 2024 - SEMS - 14MMS0678R,120,2024,SEMS,14MMS0653I,14MMS0678R,Módulo Concepción de Buenos Aires,Módulo Concepción de Buenos Aires,Módulo,1,Regional,Región Sureste,Concepción de Buenos Aires,Concepción de Buenos Aires,Prolongación Ignacio S. Romo Norte,118,N/A,49170,http://prepajocotepec.sems.udg.mx,prepajocotepec.sems.udg.mx,
811 Planteles -121 - 2024 - SEMS - 14MMS0691L,121,2024,SEMS,14MMS0653I,14MMS0691L,Módulo La Manzanilla de la Paz,Módulo La Manzanilla de la Paz,Módulo,1,Regional,Región Sureste,La Manzanilla de la Paz,La Manzanilla de la Paz,Prolongación Lázaro Cárdenas,549,N/A,49401,http://prepajocotepec.sems.udg.mx,prepajocotepec.sems.udg.mx,
811 Planteles -122 - 2024 - SEMS - 14MMS0692K,122,2024,SEMS,14MMS0653I,14MMS0692K,Módulo Tizapán el Alto,Módulo Tizapán el Alto,Módulo,1,Regional,Región Sureste,Tizapán el Alto,Tizapán el Alto,Calle Revolución de 1910,S/N,N/A,49400,http://prepajocotepec.sems.udg.mx,prepajocotepec.sems.udg.mx,
811 Planteles -123 - 2024 - SEMS - 14MMS0635T,123,2024,SEMS,,14MMS0635T,Escuela Preparatoria Regional de La Barca,EPR de La Barca,Escuela,1,Regional,Región Ciénega,La Barca,La Barca,Calle Raymundo Vázquez Herrera,536,N/A,47910,http://prepalabarca.sems.udg.mx,prepalabarca.sems.udg.mx,
811 Planteles -124 - 2024 - SEMS - 14MMS0628J,124,2024,SEMS,,14MMS0628J,Escuela Preparatoria Regional de Lagos de Moreno,EPR de Lagos de Moreno,Escuela,1,Regional,Región Altos Norte,Lagos de Moreno,Lagos de Moreno,Calle Carlos Ramírez Ladewig,1,N/A,47460,http://prepalagosdemoreno.sems.udg.mx,prepalagosdemoreno.sems.udg.mx,
811 Planteles -125 - 2024 - SEMS - 14MMS0764N,125,2024,SEMS,14MMS0628J,14MMS0764N,Módulo Encarnación de Díaz,Módulo Encarnación de Díaz,Módulo,1,Regional,Región Altos Norte,Encarnación de Díaz,Encarnación de Díaz,Calle La Paz ,119,N/A,47270,http://prepalagosdemoreno.sems.udg.mx,prepalagosdemoreno.sems.udg.mx,
811 Planteles -126 - 2024 - SEMS - 14MMS0697F,126,2024,SEMS,14MMS0628J,14MMS0697F,Módulo Ojuelos,Módulo Ojuelos,Módulo,1,Regional,Región Altos Norte,Ojuelos de Jalisco,Ojuelos,Calle Benito Juárez,302,N/A,47540,http://prepalagosdemoreno.sems.udg.mx,prepalagosdemoreno.sems.udg.mx,
811 Planteles -127 - 2024 - SEMS - 14MMS0694I,127,2024,SEMS,14MMS0628J,14MMS0694I,Módulo San Diego de Alejandría,Módulo San Diego de Alejandría,Módulo,1,Regional,Región Altos Norte,San Diego de Alejandría,San Diego de Alejandría,Avenida Jalisco ,S/N,N/A,47590,http://prepalagosdemoreno.sems.udg.mx,prepalagosdemoreno.sems.udg.mx,
811 Planteles -128 - 2024 - SEMS - 14MMS0695H,128,2024,SEMS,14MMS0628J,14MMS0695H,Módulo Unión de San Antonio,Módulo Unión de San Antonio,Módulo,1,Regional,Región Altos Norte,Unión de San Antonio,Unión de San Antonio,Avenida Las Californias,S/N,N/A,47570,http://prepalagosdemoreno.sems.udg.mx,prepalagosdemoreno.sems.udg.mx,
811 Planteles -129 - 2024 - SEMS - 14MMS0696G,129,2024,SEMS,14MMS0628J,14MMS0696G,Módulo Villa Hidalgo,Módulo Villa Hidalgo,Módulo,1,Regional,Región Altos Norte,Villa Hidalgo,Villa Hidalgo,Calle Alfonso González,1,N/A,47250,http://prepalagosdemoreno.sems.udg.mx,prepalagosdemoreno.sems.udg.mx,
811 Planteles -130 - 2024 - SEMS - 14MMS0722O,130,2024,SEMS,,14MMS0722O,Escuela Preparatoria Regional de Mazamitla,EPR Mazamitla,Escuela,1,Regional,Región Sureste,Mazamitla,Mazamitla,Privada Morelos,1,N/A,49500,http://prepamazamitla.sems.udg.mx,prepamazamitla.sems.udg.mx,
811 Planteles -131 - 2024 - SEMS - 14MMS0634U,131,2024,SEMS,,14MMS0634U,Escuela Preparatoria Regional de Puerto Vallarta,EPR de Puerto Vallarta,Escuela,1,Regional,Región Costa-Sierra Occidental,Puerto Vallarta,Puerto Vallarta,Calle 21 de Marzo,500,N/A,48290,http://prepavallarta.sems.udg.mx,prepavallarta.sems.udg.mx,
811 Planteles -132 - 2024 - SEMS - 14MMS0700C,132,2024,SEMS,14MMS0634U,14MMS0700C,Módulo El Tuito,Módulo El Tuito,Módulo,1,Regional,Región Costa-Sierra Occidental,Cabo Corrientes,Cabo Corrientes,Carretera Barra de Navidad,Km 167.3,N/A,48400,http://prepavallarta.sems.udg.mx,prepavallarta.sems.udg.mx,
811 Planteles -133 - 2024 - SEMS - 14MMS0701B,133,2024,SEMS,14MMS0634U,14MMS0701B,Módulo Ixtapa,Módulo Ixtapa,Módulo,1,Regional,Región Costa-Sierra Occidental,Puerto Vallarta,Puerto Vallarta,Calle Vicente Guerrero,481,N/A,48280,http://prepavallarta.sems.udg.mx,prepavallarta.sems.udg.mx,
811 Planteles -134 - 2024 - SEMS - 14MMS0702A,134,2024,SEMS,14MMS0634U,14MMS0702A,Módulo Morelos,Módulo Morelos,Módulo,1,Regional,Región Costa Sur,Tomatlán,Tomatlán,Calle Juárez ,25,N/A,48495,http://prepavallarta.sems.udg.mx,prepavallarta.sems.udg.mx,
811 Planteles -135 - 2024 - SEMS - 14MMS0703Z,135,2024,SEMS,14MMS0634U,14MMS0703Z,Módulo Pino Suárez,Módulo Pino Suárez,Módulo,1,Regional,Región Costa Sur,Tomatlán,Tomatlán,Avenida 16 de septiembre,S/N,N/A,48450,http://prepavallarta.sems.udg.mx,prepavallarta.sems.udg.mx,
811 Planteles -136 - 2024 - SEMS - 14MMS0704Z,136,2024,SEMS,14MMS0634U,14MMS0704Z,Módulo Tomatlán,Módulo Tomatlán,Módulo,1,Regional,Región Costa Sur,Tomatlán,Tomatlán,Calle 20 de Noviembre,500,N/A,48450,http://prepavallarta.sems.udg.mx,prepavallarta.sems.udg.mx,
811 Planteles -137 - 2024 - SEMS - 14MMS0629I,137,2024,SEMS,,14MMS0629I,Escuela Preparatoria Regional de San Juan de los Lagos,EPR de San Juan de los Lagos,Escuela,1,Regional,Región Altos Norte,San Juan de los Lagos,San Juan de los Lagos,Calle Fray Antonio de Segovia,S/N,N/A,47000,http://prepasanjuan.sems.udg.mx,prepasanjuan.sems.udg.mx,
811 Planteles -138 - 2024 - SEMS - 14MMS0769I,138,2024,SEMS,14MMS0629I,14MMS0769I,Módulo Teocaltiche,Módulo Teocaltiche,Módulo,1,Regional,Región Altos Norte,Teocaltiche,Teocaltiche,Calle Juárez ,134,N/A,47236,http://prepasanjuan.sems.udg.mx,prepasanjuan.sems.udg.mx,
811 Planteles -139 - 2024 - SEMS - 14MMS0644A,139,2024,SEMS,,14MMS0644A,Escuela Preparatoria Regional de San Martín Hidalgo,EPR de San Martín Hidalgo,Escuela,1,Regional,Región Lagunas,San Martín Hidalgo,San Martín Hidalgo,Calle Alameda al Panteón,250,N/A,46700,http://prepasanmartin.sems.udg.mx,prepasanmartin.sems.udg.mx,
811 Planteles -140 - 2024 - SEMS - 14MMS0739O,140,2024,SEMS,14MMS0644A,14MMS0739O,Módulo Buenavista,Módulo Buenavista,Módulo,1,Regional,Región Lagunas,San Martín Hidalgo,San Martín Hidalgo,Calle Vicente Guerrero,7,N/A,46775,http://prepasanmartin.sems.udg.mx,prepasanmartin.sems.udg.mx,
811 Planteles -141 - 2024 - SEMS - 14MMS0706X,141,2024,SEMS,,14MMS0706X,Escuela Preparatoria Regional de San Miguel el Alto,EPR de San Miguel el Alto,Escuela,1,Regional,Región Altos Sur,San Miguel el Alto,San Miguel el Alto,Prolongación Medina de la Torre,178,N/A,47140,http://prepasanmiguel.sems.udg.mx,prepasanmiguel.sems.udg.mx,
811 Planteles -142 - 2024 - SEMS - 14MMS0714F,142,2024,SEMS,14MMS0706X,14MMS0714F,Módulo San Julián,Módulo San Julián,Módulo,1,Regional,Región Altos Sur,San Julián,San Julián,Calle Huntington Park,130,N/A,47170,http://prepasanmiguel.sems.udg.mx,prepasanmiguel.sems.udg.mx,
811 Planteles -143 - 2024 - SEMS - 14MMS0759B,143,2024,SEMS,,14MMS0759B,Escuela Preparatoria Regional de Santa Anita,EPR de Santa Anita,Escuela,1,Metropolitano,Región Centro,San Pedro Tlaquepaque,San Pedro Tlaquepaque,Calle Universidad ,1,N/A,45600,http://prepasantaanita.sems.udg.mx,prepasantaanita.sems.udg.mx,
811 Planteles -144 - 2024 - SEMS - 14MMS0627K,144,2024,SEMS,,14MMS0627K,Escuela Preparatoria Regional de Sayula,EPR de Sayula,Escuela,1,Regional,Región Lagunas,Sayula,Sayula,Calle Manuel Ávila Camacho Oriente ,193,N/A,49300,http://prepasayula.sems.udg.mx,prepasayula.sems.udg.mx,
811 Planteles -145 - 2024 - SEMS - 14MMS0754G,145,2024,SEMS,14MMS0627K,14MMS0754G,Módulo Amacueca,Módulo Amacueca,Módulo,1,Regional,Región Lagunas,Amacueca,Amacueca,Calle 16 de Septiembre,55,N/A,49370,http://prepasayula.sems.udg.mx,prepasayula.sems.udg.mx,
811 Planteles -146 - 2024 - SEMS - 14MMS0709U,146,2024,SEMS,14MMS0627K,14MMS0709U,Módulo San Gabriel,Módulo San Gabriel,Módulo,1,Regional,Región Sur,San Gabriel,San Gabriel,Carretera San Gabriel - Sayula ,121,N/A,49700,http://prepasayula.sems.udg.mx,prepasayula.sems.udg.mx,
811 Planteles -147 - 2024 - SEMS - 14MMS0710J,147,2024,SEMS,14MMS0627K,14MMS0710J,Módulo Tapalpa,Módulo Tapalpa,Módulo,1,Regional,Región Lagunas,Tapalpa,Tapalpa,Prolongación Francisco I. Madero ,3,N/A,48200,http://prepasayula.sems.udg.mx,prepasayula.sems.udg.mx,
811 Planteles -148 - 2024 - SEMS - 14MMS0832U,148,2024,SEMS,14MMS0627K,14MMS0832U,Módulo Usmajac,Módulo Usmajac,Módulo,1,Regional,Región Lagunas,Sayula,Sayula,Calle Juan Diego,54,N/A,49330,http://prepasayula.sems.udg.mx,prepasayula.sems.udg.mx,
811 Planteles -149 - 2024 - SEMS - 14MMS0655G,149,2024,SEMS,,14MMS0655G,Escuela Preparatoria Regional de Tala,EPR de Tala,Escuela,1,Regional,Región Valles,Tala,Tala,Calle Paseo de Los Fresnos ,S/N,N/A,45300,http://prepatala.sems.udg.mx,prepatala.sems.udg.mx,
811 Planteles -150 - 2024 - SEMS - 14MMS0771X,150,2024,SEMS,14MMS0655G,14MMS0771X,Módulo San Isidro Mazatepec,Módulo San Isidro Mazatepec,Módulo,1,Regional,Región Valles,Tala,Tala,Calle Francisco Javier Mina,61,N/A,45340,http://prepatala.sems.udg.mx,prepatala.sems.udg.mx,
811 Planteles -151 - 2024 - SEMS - 14MMS0620R,151,2024,SEMS,,14MMS0620R,Escuela Preparatoria Regional de Tamazula de Gordiano “Dr. Roberto Mendiola Orta”,EPR de Tamazula de Gordiano,Escuela,1,Regional,Región Sur,Tamazula de Gordiano,Tamazula de Gordiano,Carretera Santa Rosa - Tamazula de Gordiano ,S/N,N/A,49650,http://prepatamazula.sems.udg.mx,prepatamazula.sems.udg.mx,
811 Planteles -152 - 2024 - SEMS - 14MMS0766L,152,2024,SEMS,14MMS0620R,14MMS0766L,Módulo Contla,Módulo Contla,Módulo,1,Regional,Región Sur,Tamazula de Gordiano,Tamazula de Gordiano,Calle Aldama,61,N/A,49660,http://prepatamazula.sems.udg.mx,prepatamazula.sems.udg.mx,
811 Planteles -153 - 2024 - SEMS - 14MMS0689X,153,2024,SEMS,14MMS0620R,14MMS0689X,Módulo Quitupan,Módulo Quitupan,Módulo,1,Regional,Región Sureste,Quitupan,Quitupan,Carretera Quitupan - Valle de Juárez Km 1,S/N,N/A,49570,http://prepatamazula.sems.udg.mx,prepatamazula.sems.udg.mx,
811 Planteles -154 - 2024 - SEMS - 14MMS0770Y,154,2024,SEMS,14MMS0620R,14MMS0770Y,Módulo Valle de Juárez,Módulo Valle de Juárez,Módulo,1,Regional,Región Sureste,Valle de Juárez,Valle de Juárez,Calle 5 de Febrero,S/N,N/A,49540,http://prepatamazula.sems.udg.mx,prepatamazula.sems.udg.mx,
811 Planteles -155 - 2024 - SEMS - 14MMS0690M,155,2024,SEMS,14MMS0620R,14MMS0690M,Módulo Lázaro Cárdenas,Módulo Lázaro Cárdenas,Módulo,1,Regional,Región Sureste,Quitupan,Quitupan,Calle Benito Juárez,S/N,N/A,49570,http://prepatamazula.sems.udg.mx,prepatamazula.sems.udg.mx,
811 Planteles -156 - 2024 - SEMS - 14MMS0740D,156,2024,SEMS,14MMS0620R,14MMS0740D,Módulo Vista Hermosa,Módulo Vista Hermosa,Módulo,1,Regional,Región Sur,Tamazula de Gordiano,Tamazula de Gordiano,Calle José María Martínez,S/N,N/A,49657,http://prepatamazula.sems.udg.mx,prepatamazula.sems.udg.mx,
811 Planteles -157 - 2024 - SEMS - 14MMS0656F,157,2024,SEMS,,14MMS0656F,Escuela Preparatoria Regional de Tecolotlán,EPR de Tecolotlán,Escuela,1,Regional,Región Sierra de Amula,Tecolotlán,Tecolotlán,Calle Juárez,115,N/A,48540,http://prepatecolotlan.sems.udg.mx,prepatecolotlan.sems.udg.mx,
811 Planteles -158 - 2024 - SEMS - 14MMS0768J,158,2024,SEMS,14MMS0656F,14MMS0768J,Módulo Chiquilistlán,Módulo Chiquilistlán,Módulo,1,Regional,Región Sierra de Amula,Chiquilistlán,Chiquilistlán,Calle Francisco I. Madero,33,N/A,48640,http://prepatecolotlan.sems.udg.mx,prepatecolotlan.sems.udg.mx,
811 Planteles -159 - 2024 - SEMS - 14MMS0711I,159,2024,SEMS,14MMS0656F,14MMS0711I,Módulo Juchitlán,Módulo Juchitlán,Módulo,1,Regional,Región Sierra de Amula,Juchitlán,Juchitlán,Calle 16 de Septiembre,S/N,N/A,48600,http://prepatecolotlan.sems.udg.mx,prepatecolotlan.sems.udg.mx,
811 Planteles -160 - 2024 - SEMS - 14MMS0730X,160,2024,SEMS,14MMS0656F,14MMS0730X,Módulo Soyatlán del Oro,Módulo Soyatlán del Oro,Módulo,1,Regional,Región Sierra de Amula,Atengo,Atengo,Calle México ,6,N/A,48180,http://prepatecolotlan.sems.udg.mx,prepatecolotlan.sems.udg.mx,
811 Planteles -161 - 2024 - SEMS - 14MMS0670Z,161,2024,SEMS,14MMS0656F,14MMS0670Z,Módulo Tenamaxtlán,Módulo Tenamaxtlán,Módulo,1,Regional,Región Sierra de Amula,Tenamaxtlán,Tenamaxtlán,Privada Donato Guerra,2,N/A,48570,http://prepatecolotlan.sems.udg.mx,prepatecolotlan.sems.udg.mx,
811 Planteles -162 - 2024 - SEMS - 14MMS0632W,162,2024,SEMS,,14MMS0632W,Escuela Preparatoria Regional de Tepatitlán,EPR de Tepatitlán,Escuela,1,Regional,Región Altos Sur,Tepatitlán de Morelos,Tepatitlán de Morelos,Prolongación Bartolo Hernández,1322,N/A,47600,http://prepatepatitlan.sems.udg.mx,prepatepatitlan.sems.udg.mx,
811 Planteles -163 - 2024 - SEMS - 14MMS0713G,163,2024,SEMS,14MMS0632W,14MMS0713G,Módulo Acatic,Módulo Acatic,Módulo,1,Regional,Región Altos Sur,Acatic,Acatic,Calle Escuela Digna,620,N/A,45470,http://prepatepatitlan.sems.udg.mx,prepatepatitlan.sems.udg.mx,
811 Planteles -164 - 2024 - SEMS - 14MMS0763O,164,2024,SEMS,14MMS0632W,14MMS0763O,Módulo de Cańadas de Obregón,Módulo Cańadas de Obregón,Módulo,1,Regional,Región Altos Sur,Cańadas de Obregón,Cańadas de Obregón,Calle J. Isabel Valdivia,S/N,N/A,47360,http://prepatepatitlan.sems.udg.mx,prepatepatitlan.sems.udg.mx,
811 Planteles -165 - 2024 - SEMS - 14MMS0715E,165,2024,SEMS,14MMS0632W,14MMS0715E,Módulo Valle de Guadalupe,Módulo Valle de Guadalupe,Módulo,1,Regional,Región Altos Sur,Valle de Guadalupe,Valle de Guadalupe,Calle Justo Sierra,275,N/A,47384,http://prepatepatitlan.sems.udg.mx,prepatepatitlan.sems.udg.mx,
811 Planteles -166 - 2024 - SEMS - 14MMS0716D,166,2024,SEMS,14MMS0632W,14MMS0716D,Módulo Yahualica,Módulo Yahualica,Módulo,1,Regional,Región Altos Sur,Yahualica de González Gallo,Yahualica de González Gallo,Calle Condor,S/N,N/A,47300,http://prepatepatitlan.sems.udg.mx,prepatepatitlan.sems.udg.mx,
811 Planteles -167 - 2024 - SEMS - 14MMS0660S,167,2024,SEMS,,14MMS0660S,Escuela Preparatoria Regional de Tequila,EPR de Tequila,Escuela,1,Regional,Región Valles,Tequila,Tequila,Calle San Martín,175,N/A,46400,http://prepatequila.sems.udg.mx,prepatequila.sems.udg.mx,
811 Planteles -168 - 2024 - SEMS - 14MMS0719A,168,2024,SEMS,14MMS0660S,14MMS0719A,Módulo Hostotipaquillo,Módulo Hostotipaquillo,Módulo,1,Regional,Región Valles,Hostotipaquillo,Hostotipaquillo,Calle Valeriano Partida,1,N/A,46440,http://prepatequila.sems.udg.mx,prepatequila.sems.udg.mx,
811 Planteles -169 - 2024 - SEMS - 14MMS0720Q,169,2024,SEMS,14MMS0660S,14MMS0720Q,Módulo Magdalena,Módulo Magdalena,Módulo,1,Regional,Región Valles,Magdalena,Magdalena,Calzada Manuel Ávila Camacho,323,N/A,46470,http://prepatequila.sems.udg.mx,prepatequila.sems.udg.mx,
811 Planteles -170 - 2024 - SEMS - 14MMS0742B,170,2024,SEMS,14MMS0660S,14MMS0742B,Módulo La Venta de Mochitiltic,Módulo La Venta de Mochitiltic,Módulo,1,Regional,Región Valles,Hostotipaquillo,Hostotipaquillo,Calle Casa Ejidal,S/N,N/A,46446,http://prepatequila.sems.udg.mx,prepatequila.sems.udg.mx,
811 Planteles -171 - 2024 - SEMS - 14MMS0743A,171,2024,SEMS,14MMS0660S,14MMS0743A,Módulo San Andrés,Módulo San Andrés,Módulo,1,Regional,Región Valles,Magdalena,Magdalena,Calle Morelos,122,N/A,46475,http://prepatequila.sems.udg.mx,prepatequila.sems.udg.mx,
811 Planteles -172 - 2024 - SEMS - 14MMS0657E,172,2024,SEMS,,14MMS0657E,Escuela Preparatoria Regional de Tlajomulco de Zúńiga,EPR de Tlajomulco de Zúńiga,Escuela,1,Metropolitano,Región Centro,Tlajomulco de Zúńiga,Tlajomulco de Zúńiga,Prolongación Mariano Otero,144,N/A,45640,http://prepatlajomulco.sems.udg.mx,prepatlajomulco.sems.udg.mx,
811 Planteles -173 - 2024 - SEMS - 14MMS0721P,173,2024,SEMS,14MMS0657E,14MMS0721P,Módulo Cajititlán,Módulo Cajititlán,Módulo,1,Metropolitano,Región Centro,Tlajomulco de Zúńiga,Tlajomulco de Zúńiga,Carretera A Cajititlán,Km 1.5,N/A,45670,http://prepatlajomulco.sems.udg.mx,prepatlajomulco.sems.udg.mx,
811 Planteles -174 - 2024 - SEMS - 14MMS0744Z,174,2024,SEMS,14MMS0657E,14MMS0744Z,Módulo San Agustín,Módulo San Agustín,Módulo,1,Metropolitano,Región Centro,Tlajomulco de Zúńiga,Tlajomulco de Zúńiga,Calle Lomas del Alamos,100,N/A,45645,http://prepatlajomulco.sems.udg.mx,prepatlajomulco.sems.udg.mx,
811 Planteles -175 - 2024 - SEMS - 14MMS0817B,175,2024,SEMS,14MMS0657E,14MMS0817B,Módulo El Zapote,Módulo El Zapote,Módulo,1,Metropolitano,Región Centro,Tlajomulco de Zúńiga,Tlajomulco de Zúńiga,Privada Flor de Hortensia,S/N,N/A,45672,http://prepatlajomulco.sems.udg.mx,prepatlajomulco.sems.udg.mx,
811 Planteles -176 - 2024 - SEMS - 14MMS0773V,176,2024,SEMS,,14MMS0773V,Escuela Preparatoria Regional de Toluquilla,EPR de Toluquilla,Escuela,1,Metropolitano,Región Centro,San Pedro Tlaquepaque,San Pedro Tlaquepaque,Camino Al canal,17,N/A,45610,http://prepatoluquilla.sems.udg.mx,prepatoluquilla.sems.udg.mx,
811 Planteles -177 - 2024 - SEMS - 14MMS0633V,177,2024,SEMS,,14MMS0633V,Escuela Preparatoria Regional de Tuxpan,EPR de Tuxpan,Escuela,1,Regional,Región Sur,Tuxpan,Tuxpan,Carretera Tuxpan-Atenquique,km 2,N/A,49800,http://prepatuxpan.sems.udg.mx,prepatuxpan.sems.udg.mx,
811 Planteles -178 - 2024 - SEMS - 14MMS0772W,178,2024,SEMS,14MMS0633V,14MMS0772W,Módulo Pihuamo,Módulo Pihuamo,Módulo,1,Regional,Región Sur,Pihuamo,Pihuamo,Andador Pihuamo,S/N,N/A,49870,http://prepatuxpan.sems.udg.mx,prepatuxpan.sems.udg.mx,
811 Planteles -179 - 2024 - SEMS - 14MMS0679Q,179,2024,SEMS,14MMS0633V,14MMS0679Q,Módulo Tecalitlán,Módulo Tecalitlán,Módulo,1,Regional,Región Sur,Tecalitlán,Tecalitlán,Calle Guadalupe Victoria,200,N/A,49870,http://prepatuxpan.sems.udg.mx,prepatuxpan.sems.udg.mx,
811 Planteles -180 - 2024 - SEMS - 14MMS0723N,180,2024,SEMS,14MMS0633V,14MMS0723N,Módulo Tonila,Módulo Tonila,Módulo,1,Regional,Región Sur,Tonila,Tonila,Calle Efraín González Luna Morfín,S/N,N/A,49840,http://prepatuxpan.sems.udg.mx,prepatuxpan.sems.udg.mx,
811 Planteles -181 - 2024 - SEMS - 14MMS0712H,181,2024,SEMS,,14MMS0712H,Escuela Preparatoria Regional de Unión de Tula,EPR de Unión de Tula,Escuela,1,Regional,Región Sierra de Amula,Unión de Tula,Unión de Tula,Calle Campeche,40,N/A,48000,http://prepauniondetula.sems.udg.mx,prepauniondetula.sems.udg.mx,
811 Planteles -182 - 2024 - SEMS - 14MMS0669J,182,2024,SEMS,14MMS0712H,14MMS0669J,Módulo Ayutla,Módulo Ayutla,Módulo,1,Regional,Región Sierra de Amula,Ayutla,Ayutla,Calle Abasolo,246,N/A,48050,http://prepauniondetula.sems.udg.mx,prepauniondetula.sems.udg.mx,
811 Planteles -183 - 2024 - SEMS - 14MMS0672X,183,2024,SEMS,14MMS0712H,14MMS0672X,Módulo Ejutla,Módulo Ejutla,Módulo,1,Regional,Región Sierra de Amula,Ejutla,Ejutla,Calle Juan M. Díaz,9,N/A,48680,http://prepauniondetula.sems.udg.mx,prepauniondetula.sems.udg.mx,
811 Planteles -184 - 2024 - SEMS - 14MMS0708V,184,2024,SEMS,,14MMS0708V,Escuela Preparatoria Regional de Villa Corona,EPR de Villa Corona,Escuela,1,Regional,Región Lagunas,Villa Corona,Villa Corona,Calle Cuauhtémoc ,S/N,N/A,45730,http://prepavillacorona.sems.udg.mx,prepavillacorona.sems.udg.mx,
811 Planteles -185 - 2024 - SEMS - 14MMS0767K,185,2024,SEMS,14MMS0708V,14MMS0767K,Módulo Acatlán de Juárez,Módulo Acatlán de Juárez,Módulo,1,Metropolitano,Región Lagunas,Acatlán de Juárez,Acatlán de Juárez,Carretera Barra de Navidad,226,km 44,45700,http://prepavillacorona.sems.udg.mx,prepavillacorona.sems.udg.mx,
811 Planteles -186 - 2024 - SEMS - 14MMS0659C,186,2024,SEMS,,14MMS0659C,Escuela Preparatoria Regional de Zacoalco de Torres,EPR de Zacoalco de Torres,Escuela,1,Regional,Región Lagunas,Zacoalco de Torres,Zacoalco de Torres,Avenida Dr.  Rubén Ramírez Flores,150,N/A,45750,http://prepazacoalco.sems.udg.mx,prepazacoalco.sems.udg.mx,
811 Planteles -187 - 2024 - SEMS - 14MMS0755F,187,2024,SEMS,14MMS0659C,14MMS0755F,Módulo Atemajac de Brizuela,Módulo Atemajac de Brizuela,Módulo,1,Regional,Región Lagunas,Atemajac de Brizuela,Atemajac de Brizuela,Calle Brizuela,S/N,N/A,55790,http://prepazacoalco.sems.udg.mx,prepazacoalco.sems.udg.mx,
811 Planteles -188 - 2024 - SEMS - 14MMS0746Y,188,2024,SEMS,14MMS0659C,14MMS0746Y,Módulo Teocuitatlán de Corona,Módulo Teocuitatlán de Corona,Módulo,1,Regional,Región Lagunas,Teocuitatlán de Corona,Teocuitatlán de Corona,Calle Ignacio Zaragoza,S/N,N/A,4920,http://prepazacoalco.sems.udg.mx,prepazacoalco.sems.udg.mx,
811 Planteles -189 - 2024 - SEMS - 14MMS0724M,189,2024,SEMS,14MMS0659C,14MMS0724M,Módulo Villa Atoyac,Módulo Villa Atoyac,Módulo,1,Regional,Región Lagunas,Atoyac,Atoyac,Calle Nemesio Rodríguez Pérez ,S/N,N/A,49200,http://prepazacoalco.sems.udg.mx,prepazacoalco.sems.udg.mx,
811 Planteles -190 - 2024 - SEMS - 14MMS0745Z,190,2024,SEMS,14MMS0659C,14MMS0745Z,Módulo Cítala,Módulo Cítala,Módulo,1,Regional,Región Lagunas,Teocuitatlán de Corona,Teocuitatlán de Corona,Calle Agustín Iturbide,60,N/A,49280,http://prepazacoalco.sems.udg.mx,prepazacoalco.sems.udg.mx,
811 Planteles -191 - 2024 - SEMS - 14MMS0638Q,191,2024,SEMS,,14MMS0638Q,Escuela Preparatoria Regional de Zapotiltic,EPR de Zapotiltic,Escuela,1,Regional,Región Sur,Zapotiltic,Zapotiltic,Prolongación Mariano Escobedo,270,N/A,49600,http://prepazapotiltic.sems.udg.mx,prepazapotiltic.sems.udg.mx,
811 Planteles -192 - 2024 - SEMS - 14MMS0658D,192,2024,SEMS,,14MMS0658D,Escuela Preparatoria Regional de Zapotlanejo,EPR de Zapotlanejo,Escuela,1,Regional,Región Centro,Zapotlanejo,Zapotlanejo,Carretera Zapotlanejo - Tepatitlán,Km 1.5,N/A,45430,http://prepazapotlanejo.sems.udg.mx,prepazapotlanejo.sems.udg.mx,
811 Planteles -193 - 2024 - SEMS - 14MMS0725L,193,2024,SEMS,14MMS0658D,14MMS0725L,Módulo Matatlán,Módulo Matatlán,Módulo,1,Regional,Región Centro,Zapotlanejo,Zapotlanejo,Calle Nińos Héroes,S/N,N/A,45430,http://prepazapotlanejo.sems.udg.mx,prepazapotlanejo.sems.udg.mx,
811 Planteles -194 - 2024 - SEMS - 14MMS0616E,194,2024,SEMS,,14MMS0616E,Escuela Regional de Educación Media Superior de Ocotlán,EREMS Ocotlán,Escuela,1,Regional,Región Ciénega,Ocotlán,Ocotlán,Avenida Universidad ,1115,N/A,47829,http://eremso.sems.udg.mx,eremso.sems.udg.mx,
811 Planteles -195 - 2024 - SEMS - 14MMS0639P,195,2024,SEMS,14MMS0616E,14MMS0639P,Módulo Atequiza,Módulo Atequiza,Módulo,1,Metropolitano,Región Centro,Ixtlahuacán de los Membrillos,Ixtlahuacán de los Membrillos,Calle Nińos Héroes,100,N/A,45860,http://eremso.sems.udg.mx,eremso.sems.udg.mx,
811 Planteles -196 - 2024 - SEMS - 14MMS0699D,196,2024,SEMS,14MMS0616E,14MMS0699D,Módulo Tototlán,Módulo Tototlán,Módulo,1,Regional,Región Ciénega,Tototlán,Tototlán,Avenida Guadalupe ,S/N,N/A,47730,http://eremso.sems.udg.mx,eremso.sems.udg.mx,
811 Planteles -197 - 2024 - SEMS - 14MMS0748W,197,2024,SEMS,14MMS0616E,14MMS0748W,Módulo Zapotlán del Rey,Módulo Zapotlán del Rey,Módulo,1,Regional,Región Ciénega,Zapotlán del Rey,Zapotlán del Rey,Carretera Otatlán - Zapotlán del Rey,Km 2.3,N/A,45980,http://eremso.sems.udg.mx,eremso.sems.udg.mx,
811 Planteles -198 - 2024 - SEMS - 14MMS0827I,198,2024,SEMS,14MMS0616E,14MMS0827I,Módulo Poncitlán,Módulo Poncitlán,Módulo,1,Regional,Región Ciénega,Poncitlán,Poncitlán,"Calle Plutarco Elías Calles
",S/N,N/A,45959,http://eremso.sems.udg.mx,eremso.sems.udg.mx,
811 Planteles -199 - 2024 - SEMS - 14MMS0751J,199,2024,SEMS,,14MMS0751J,Escuela de Educación Media Superior Wixárika,EREMS Wixárika,Escuela,1,Regional,Región Norte,Mezquitic,Mezquitic,Terracería Conocido,S/N,N/A,46070,http://prepawixarika.sems.udg.mx,prepawixarika.sems.udg.mx,
811 Planteles -200 - 2024 - SEMS - 14MMS0830W,200,2024,SEMS,14MMS0751J,14MMS0830W,Módulo Ocota de la Sierra,Módulo Ocota,Módulo,1,Regional,Región Norte,Mezquitic,Mezquitic,Camino A la preparatoria ,S/N,N/A,46155,http://prepawixarika.sems.udg.mx,prepawixarika.sems.udg.mx,
811 Planteles -201 - 2024 - SEMS - 14MMS0818A,201,2024,SEMS,,14MMS0818A,Escuela Preparatoria de San José del Valle de Tlajomulco de Zúńiga,Prepa San José del Valle,Escuela,1,Metropolitano,Región Centro,Tlajomulco de Zúńiga,Tlajomulco de Zúńiga,Calle Concepción ,S/N,N/A,45653,http://prepasanjosedelvalle.sems.udg.mx,prepasanjosedelvalle.sems.udg.mx,
811 Planteles -202 - 2024 - SEMS - ModuloSantaFe,202,2024,SEMS,,ModuloSantaFe,Módulo Hacicendas de Santa Fe,Módulo Haciendas de Santa Fe,Módulo,1,Metropolitano,Región Centro,Tlajomulco de Zúńiga,Tlajomulco de Zúńiga,,,,,,,
