row,clave_programa,programa_educativo,nivel_educativo,campo_clasificacion
1,BGAI,Bachillerato General por Áreas Interdisciplinarias,Bachillerato General,
2,BGC,Bachillerato General por Competencias,Bachillerato General,
3,2021300033,Técnico en Música,Profesional Medio,021000
4,2051200001,Tecnólogo Profesional en Biotecnología,Bachillerato Tecnológico,051000
5,2062100003,Tecnólogo Profesional en Telecomunicaciones,Bachillerato Tecnológico,062000
6,2062200007,Tecnólogo Profesional en Informática,Bachillerato Tecnológico,062000
7,2062200013,Tecnólogo Profesional en Sistemas Informáticos,Bachillerato Tecnológico,062000
8,2071100002,Tecnólogo Profesional en Mecánica Industrial,Bachillerato Tecnológico,071000
9,2071200002,Tecnólogo Profesional en Electricidad Industrial,Bachillerato Tecnológico,071000
10,2071200011,Tecnólogo Profesional en Energías Alternas,Bachillerato Tecnológico,071000
11,2071400001,Tecnólogo Profesional Químico Industrial,Bachillerato Tecnológico,071000
12,2071400003,Tecnólogo Profesional en Procesos Químicos Industriales,Bachillerato Tecnológico,071000
13,2072000001,Tecnólogo Profesional en Procesos de Manufactura Competitiva,Bachillerato Tecnológico,072000
14,2072100002,Tecnólogo Profesional Químico en Análisis y Procesos de Alimentos,Bachillerato Tecnológico,072000
15,2072300001,Tecnólogo Profesional en Plásticos,Bachillerato Tecnológico,072000
16,2072400003,Tecnólogo Profesional en Metalurgia y Fundición,Bachillerato Tecnológico,072000
17,2092100004,Enfermería,Profesional Medio,092000
18,3021600008,Bachillerato Tecnológico en Diseño y Confección de Prendas de Vestir y Artesanías,Bachillerato Tecnológico,021000
19,3021700001,Bachillerato Tecnológico En Ceramica,Bachillerato Tecnológico,021000
20,3041100005,Bachillerato Tecnológico en Gestión Aduanal y Operaciones Empresariales,Bachillerato Tecnológico,041000
21,3042000001,Bachillerato Tecnológico en Administración,Bachillerato Tecnológico,042000
22,3042100026,Bachillerato Tecnológico en Administración de Pequeños y Medianos Negocios,Bachillerato Tecnológico,042000
23,3061300004,Bachillerato Técnico en Desarrollo de Software,Bachillerato Tecnológico,061000
24,3071700002,Bachillerato Tecnológico Químico en Control de Calidad y Medio Ambiente,Bachillerato Tecnológico,071000
25,3073200001,Bachillerato Tecnológico en Diseño y Construcción,Bachillerato Tecnológico,073000
26,3081100003,Bachillerato Tecnológico Agropecuario,Bachillerato Tecnológico,081000
27,3081100019,Bachillerato Tecnológico Agropecuario y Forestal,Bachillerato Tecnológico,081000
28,3093100005,Bachillerato Tecnológico en Prótesis Dental,Bachillerato Tecnológico,093000
29,3095300007,Bachillerato Tecnológico en Citología e Histología,Bachillerato Tecnológico,095000
30,3101600003,Bachillerato Tecnológico en Turismo,Bachillerato Tecnológico,101000
31,4071500002,Técnico Superior Universitario en Electrónica y Mecánica Automotriz,TSU,071000
32,4093100005,Técnico Superior Universitario en Prótesis Dental,TSU,093000
33,4094100005,Técnico Superior Universitario en Terapia Física,TSU,094000
34,4094100010,Técnico Superior Universitario en Terapia Respiratoria,TSU,094000
35,4095300010,Técnico Superior Universitario en Radiología e Imagen,TSU,095000
36,4103100001,"Técnico Superior Universitario en Emergencias, Seguridad Laboral y Rescates",TSU,103000
37,5011100022,Licenciatura en Educación Indigena,Licenciatura,011000
38,5011200004,Licenciatura en Desarrollo Educativo,Licenciatura,011000
39,5011500002,Licenciatura en Educación,Licenciatura,011000
40,5012603011,Licenciatura en Didáctica del Francés como Lengua Extranjera,Licenciatura,012000
41,5012603027,Licenciatura en Docencia del Inglés como Lengua Extranjera,Licenciatura,012000
42,5021000002,Licenciatura en Artes,Licenciatura,021000
43,5021000007,Licenciatura en Gestión Cultural,Licenciatura,021000
44,5021000010,Licenciatura en Historia del Arte,Licenciatura,021000
45,5021000110,"Licenciatura en Diseño, Arte y Tecnologías Interactivas",Licenciatura,021000
46,5021000114,Licenciatura en Artes Visuales para la Expresión Fotográfica,Licenciatura,021000
47,5021200054,Licenciatura en Artes Escénicas para la Expresión Dancística,Licenciatura,021000
48,5021200055,Licenciatura en Artes Escénicas para la Expresión Teatral,Licenciatura,021000
49,5021300063,Licenciatura en Música,Licenciatura,021000
50,5021400012,Licenciatura en Artes Audiovisuales,Licenciatura,021000
51,5021500002,Ingeniería en Comunicación Multimedia,Licenciatura,021000
52,5021500044,Licenciatura en Diseño para la Comunicación Gráfica,Licenciatura,021000
53,5021500119,Licenciatura en Escritura Creativa,Licenciatura,021000
54,5021600017,Licenciatura en Diseño de Interiores y Ambientación,Licenciatura,021000
55,5021600024,Licenciatura en Diseño de Modas,Licenciatura,021000
56,5021600062,Licenciatura en Diseño de Artesanía,Licenciatura,021000
57,5021700002,Licenciatura en Artes Visuales para la Expresión Plástica,Licenciatura,021000
58,5022000001,Licenciatura en Humanidades,Licenciatura,022000
59,5022200040,Licenciatura en Lenguas y Culturas Extranjeras,Licenciatura,022000
60,5022300022,Licenciatura en Letras Hispánicas,Licenciatura,022000
61,5022500001,Licenciatura en Estudios Liberales,Licenciatura,022000
62,5022500008,Licenciatura en Historia,Licenciatura,022000
63,5022600002,Licenciatura en Filosofía,Licenciatura,022000
64,5031100007,Licenciatura en Psicología,Licenciatura,031000
65,5031200004,Licenciatura en Antropología,Licenciatura,031000
66,5031200031,Licenciatura en Sociología,Licenciatura,031000
67,5031300010,Licenciatura en Estudios Políticos y Gobierno,Licenciatura,031000
68,5031300014,Licenciatura en Relaciones Internacionales,Licenciatura,031000
69,5031300044,Licenciatura En Construccion De La Paz Y Seguridad,Licenciatura,031000
70,5031400003,Licenciatura en Economía,Licenciatura,031000
71,5031500008,Licenciatura en Gerontología,Licenciatura,031000
72,5031500010,Licenciatura en Trabajo Social,Licenciatura,031000
73,5032100001,Licenciatura en Periodismo Digital,Licenciatura,032000
74,5032100027,Licenciatura en Comunicación Pública,Licenciatura,032000
75,5032100038,Licenciatura en Periodismo,Licenciatura,032000
76,5032100065,Licenciatura en Relaciones Públicas y Comunicación,Licenciatura,032000
77,5032200012,Licenciatura en Bibliotecología y Gestión del Conocimiento,Licenciatura,032000
78,5033100003,Abogado,Licenciatura,033000
79,5033200006,Licenciatura en Criminología,Licenciatura,033000
80,5033200024,Licenciatura en Ciencias Forenses,Licenciatura,033000
81,5041100007,Ingeniería de Procesos y Comercio Internacional,Licenciatura,041000
82,5041100009,Ingeniería en Negocios,Licenciatura,041000
83,5041100021,Licenciatura en Agronegocios,Licenciatura,041000
84,5041100056,Licenciatura en Negocios Internacionales,Licenciatura,041000
85,5041100127,Licenciatura en Gestión de Negocios Gastronómicos,Licenciatura,041000
86,5041200028,Licenciatura en Mercadotecnia,Licenciatura,041000
87,5041200075,Licenciatura en Mercadotecnia Digital,Licenciatura,041000
88,5041300007,Licenciatura en Administración Financiera y Sistemas,Licenciatura,041000
89,5041400032,Licenciatura en Contaduría Pública,Licenciatura,041000
90,5042000002,Licenciatura en Administración,Licenciatura,042000
91,5042100012,Licenciatura en Administración de Negocios,Licenciatura,042000
92,5042100065,Licenciatura en Administración de las Organizaciones,Licenciatura,042000
93,5042100117,Licenciatura en Recursos Humanos,Licenciatura,042000
94,5042200024,Licenciatura en Desarrollo Turístico Sustentable,Licenciatura,042000
95,5042300027,Licenciatura en Administración Gubernamental y Políticas Públicas,Licenciatura,042000
96,5042400005,Ingeniería en Administración Industrial,Licenciatura,042000
97,5051100003,Licenciatura en Biología,Licenciatura,051000
98,5051100006,Licenciatura en Biología Marina,Licenciatura,051000
99,5051100015,Ingeniería en Sistemas Biológicos,Licenciatura,051000
100,5051200024,Ingeniería en Biotecnología,Licenciatura,051000
101,5051300005,Ingeniería en Recursos Naturales y Agropecuarios,Licenciatura,051000
102,5051300020,Licenciatura en Gestión y Economía Ambiental,Licenciatura,051000
103,5052100005,Licenciatura en Física,Licenciatura,052000
104,5052200002,Ingeniería en Nanotecnología,Licenciatura,052000
105,5052200007,Licenciatura en Química,Licenciatura,052000
106,5052200017,Licenciatura en Ciencia de Materiales,Licenciatura,052000
107,5052200021,Ingeniería en Diseño Molecular de Materiales,Licenciatura,052000
108,5052300015,Licenciatura en Geografía,Licenciatura,052000
109,5053100004,Licenciatura en Matemáticas,Licenciatura,053000
110,5061000002,Ingeniería en Computación,Licenciatura,061000
111,5061000015,Licenciatura en Desarrollo de Sistemas Web,Licenciatura,061000
112,5061100001,Ingeniería en Ciencias Computacionales,Licenciatura,061000
113,5062100009,Ingeniería en Comunicaciones y Electrónica,Licenciatura,062000
114,5062100033,Ingeniería en Teleinformática,Licenciatura,062000
115,5062100034,Ingeniería en Telemática,Licenciatura,062000
116,5062200055,Ingeniería Informática,Licenciatura,062000
117,5062200073,Ingeniería en Electrónica y Computación,Licenciatura,062000
118,5062200082,Licenciatura en Tecnologías de la Información,Licenciatura,062000
119,5062200105,Licenciatura en Tecnologías e Información,Licenciatura,062000
120,5071000020,Ingeniería Biomédica,Licenciatura,071000
121,5071000047,Ingeniería en Videojuegos,Licenciatura,071000
122,5071100019,Licenciatura en Diseño Industrial,Licenciatura,071000
123,5071200009,Ingeniería en Energía,Licenciatura,071000
124,5071200034,Ingeniería Fotónica,Licenciatura,071000
125,5071300009,Ingeniería Mecánica Eléctrica,Licenciatura,071000
126,5071300014,Ingeniería Mecatrónica,Licenciatura,071000
127,5071300082,Ingeniería Robótica,Licenciatura,071000
128,5071300091,Ingeniería en Instrumentación Electrónica y Nanosensores,Licenciatura,071000
129,5071400008,Ingeniería Bioquímica,Licenciatura,071000
130,5071400015,Ingeniería Química,Licenciatura,071000
131,5071700019,Ingeniería Industrial,Licenciatura,071000
132,5072100002,Ingeniería Agroindustrial,Licenciatura,072000
133,5072100018,Licenciatura en Ciencia de los Alimentos,Licenciatura,072000
134,5072100033,Licenciatura en Ingeniería en Alimentos y Biotecnología,Licenciatura,072000
135,5072100049,Licenciatura en Ciencias y Artes Culinarias,Licenciatura,072000
136,5072400001,Ingeniería en Geofísica,Licenciatura,072000
137,5073100009,Licenciatura en Arquitectura,Licenciatura,073000
138,5073100024,Licenciatura en Urbanística y Medio Ambiente,Licenciatura,073000
139,5073200005,Ingeniería Civil,Licenciatura,073000
140,5073200010,Ingeniería en Obras y Servicios,Licenciatura,073000
141,5073200035,Ingeniería en Topografía Geomática,Licenciatura,073000
142,5081100010,Licenciatura en Agrobiotecnología,Licenciatura,081000
143,5081100050,Ingeniería en Sistemas Pecuarios,Licenciatura,081000
144,5081300016,Ingeniero Agrónomo,Licenciatura,081000
145,5082100001,Licenciatura en Medicina Veterinaria y Zootecnia,Licenciatura,082000
146,5091100011,Médico Cirujano y Partero,Licenciatura,091000
147,5092100006,Licenciatura en Enfermería,Licenciatura,092000
148,5093100002,Licenciatura en Cirujano Dentista,Licenciatura,093000
149,5094100009,Licenciatura en Terapia Física,Licenciatura,094000
150,5094200006,Licenciatura en Nutrición,Licenciatura,094000
151,5094300009,Licenciatura en Podología,Licenciatura,094000
152,5095400006,Licenciatura en Químico Farmacéutico Biólogo,Licenciatura,095000
153,5095600005,Licenciatura en Salud Pública,Licenciatura,095000
154,5101100015,Licenciatura en Cultura Física y Deportes,Licenciatura,101000
155,5101600013,Licenciatura en Turismo,Licenciatura,101000
156,5102100004,Ingeniería en Logística y Transporte,Licenciatura,102000
157,5103100007,"Licenciatura en Seguridad Laboral, Protección Civil y Emergencias",Licenciatura,103000
158,5104100015,Licenciatura en Seguridad Ciudadana,Licenciatura,104000
159,6081100005,Especialidadialidad en Producción Porcina,Especialidad,081000
160,6091301004,Especialidadialidad en Anestesiología,Especialidad,091000
161,6091301008,Especialidadialidad en Medicina Paliativa y del Dolor,Especialidad,091000
162,6091302001,Especialidadialidad en Angiología y Cirugía Vascular,Especialidad,091000
163,6091304001,Especialidadialidad en Cardiología,Especialidad,091000
164,6091305002,Especialidadialidad en Cirugía General,Especialidad,091000
165,6091306001,Especialidadialidad en Cirugía Cardiotorácica,Especialidad,091000
166,6091307001,Especialidadialidad en Neurocirugía,Especialidad,091000
167,6091308001,Especialidadialidad en Cirugía Pediátrica,Especialidad,091000
168,6091309002,Especialidadialidad en Cirugía Plástica y Reconstructiva,Especialidad,091000
169,6091310001,Especialidadialidad en Dermatología,Especialidad,091000
170,6091310002,Especialidadialidad en Dermatología Pediátrica,Especialidad,091000
171,6091311001,Especialidadialidad en Endocrinología,Especialidad,091000
172,6091313004,Especialidadialidad en Gastroenterología,Especialidad,091000
173,6091313008,Especialidadialidad en Gastroenterología y Nutrición Pediátrica,Especialidad,091000
174,6091314001,Especialidadialidad en Genética Médica,Especialidad,091000
175,6091315001,Especialidadialidad en Geriatría,Especialidad,091000
176,6091316002,Especialidadialidad en Ginecología y Obstetricia,Especialidad,091000
177,6091316004,Especialidadialidad en Medicina Materno-Fetal,Especialidad,091000
178,6091316007,Especialidadialidad en Ginecología Oncológica,Especialidad,091000
179,6091317001,Especialidadialidad en Hematología,Especialidad,091000
180,6091317009,Especialidadialidad en Hemato-Oncología Pediátrica,Especialidad,091000
181,6091318001,Especialidadialidad en Infectología,Especialidad,091000
182,6091319001,Especialidadialidad en Alergia e Inmunología Clínica,Especialidad,091000
183,6091319004,Especialidadialidad en Alergia e Inmunología Clínica Pediátrica,Especialidad,091000
184,6091321003,Especialidadialidad en Medicina del Enfermo en Estado Crítico,Especialidad,091000
185,6091322003,Especialidadialidad en Medicina de Rehabilitación,Especialidad,091000
186,6091323001,Especialidadialidad en Medicina de Urgencias,Especialidad,091000
187,6091326001,Especialidadialidad en Medicina Familiar,Especialidad,091000
188,6091327002,Especialidadialidad en Medicina Interna,Especialidad,091000
189,6091329001,Especialidadialidad en Anatomía Patológica,Especialidad,091000
190,6091331003,Especialidadialidad en Nefrología,Especialidad,091000
191,6091332001,Especialidadialidad en Neumología,Especialidad,091000
192,6091334001,Especialidadialidad en Neurología,Especialidad,091000
193,6091335001,Especialidadialidad en Oftalmología,Especialidad,091000
194,6091335003,Especialidadialidad en Retina Médica y Quirúrgica,Especialidad,091000
195,6091336001,Especialidadialidad en Cirugía Oncológica,Especialidad,091000
196,6091336005,Especialidadialidad en Oncología Médica,Especialidad,091000
197,6091336013,Especialidadialidad en Radio-Oncología,Especialidad,091000
198,6091337005,Especialidadialidad en Traumatología y Ortopedia,Especialidad,091000
199,6091338003,Especialidadialidad en Otorrinolaringología y Cirugía de Cabeza y Cuello,Especialidad,091000
200,6091340001,Especialidadialidad en Pediatría,Especialidad,091000
201,6091340004,Especialidadialidad en Neonatología,Especialidad,091000
202,6091341001,Especialidadialidad en Psiquiatría,Especialidad,091000
203,6091342012,Especialidadialidad en Imagenología Diagnóstica y Terapéutica,Especialidad,091000
204,6091343001,Especialidadialidad en Reumatología,Especialidad,091000
205,6091344001,Especialidadialidad en Urología,Especialidad,091000
206,6091344002,Especialidadialidad en Urología Ginecológica,Especialidad,091000
207,6092204007,Especialidadialidad de Enfermería en Salud Pública,Especialidad,092000
208,6093201005,Especialidadialidad en Prótesis Maxilofacial,Especialidad,093000
209,6093202001,Especialidadialidad en Endodoncia,Especialidad,093000
210,6093203005,Especialidadialidad en Odontopediatría,Especialidad,093000
211,6093204001,Especialidad en Ortodoncia,Especialidad,093000
212,6093205004,Especialidadialidad en Periodoncia,Especialidad,093000
213,6093206003,Especialidadialidad en Prostodoncia,Especialidad,093000
214,6095600002,Especialidadialidad en Epidemiología,Especialidad,095000
215,7011000002,Maestría en Educación Ambiental,Maestría,011000
216,7011000042,Maestría en Innovación Social y Gestión del Bienestar,Maestría,011000
217,7011200033,Maestría en Investigación Educativa,Maestría,011000
218,7011200077,Maestría en Gestión y Políticas de la Educación Superior,Maestría,011000
219,7011200088,Maestría en Procesos Innovadores en el Aprendizaje,Maestría,011000
220,7011400011,Maestría en Tecnologías para el Aprendizaje,Maestría,011000
221,7011400029,Maestría en Gestión del Aprendizaje en Ambientes Virtuales,Maestría,011000
222,7012000087,Maestría en Estudios del Turismo,Maestría,012000
223,7012400001,Maestría en Docencia para la Educación Media Superior,Maestría,012000
224,7012500034,Maestría en Educación Superior Internacional,Maestría,012000
225,7012601008,Maestría en Educación Física y Deporte,Maestría,012000
226,7012602009,Maestría en Educación y Expresión para las Artes,Maestría,012000
227,7012603017,Maestría en la Enseñanza del Inglés como Lengua Extranjera,Maestría,012000
228,7012604029,Maestría en Enseñanza de las Matemáticas,Maestría,012000
229,7012604064,Maestría en Ciencia y Tecnología,Maestría,012000
230,7021000014,Maestría en Gestión de la Cultura,Maestría,021000
231,7021400038,Maestría en Diseño de Información y Comunicación Digital,Maestría,021000
232,7021600019,Maestría en Diseño e Innovación Industrial,Maestría,021000
233,7021600021,Maestría en Diseño y Desarrollo de Nuevos Productos,Maestría,021000
234,7022200011,Maestría en Estudios de las Lenguas y Culturas Inglesas,Maestría,022000
235,7022200019,"Maestría Interinstitucional en Deutsch Als Fremdsprache: Estudios Interculturales de Lengua, Literatura y Cultura Alemanas",Maestría,022000
236,7022300005,Maestría en Estudios de Literatura Mexicana,Maestría,022000
237,7022300034,Maestría en Literaturas Interamericanas,Maestría,022000
238,7022300036,Maestría en Estudios en Literacidad,Maestría,022000
239,7022300037,Maestría en Estudios Críticos del Lenguaje,Maestría,022000
240,7022400002,Maestría en Lingüística Aplicada,Maestría,022000
241,7022500008,Maestria en Estudios Mesoamericanos,Maestría,022000
242,7022500015,Maestría en Historia de México,Maestría,022000
243,7022500032,Maestría en Historia Cultural,Maestría,022000
244,7022600002,Maestría en Bioética,Maestría,022000
245,7022600008,Maestría en Estudios Filosóficos,Maestría,022000
246,7031000001,Maestría en Ciencias Sociales,Maestría,031000
247,7031000052,Maestría en Estudios Transdisciplinares en Ciencia y Tecnología,Maestría,031000
248,7031100001,Maestría en Psicología Educativa,Maestría,031000
249,7031100005,Maestría en Ciencia del Comportamiento,Maestría,031000
250,7031100030,Maestría en Psicología Clínica,Maestría,031000
251,7031100043,Maestría en Psicología de la Salud,Maestría,031000
252,7031100176,Maestría en Psicología con Orientación en Calidad de Vida y Salud,Maestría,031000
253,7031100188,Maestría en Neuropsicología,Maestría,031000
254,7031100252,Maestría en Psicología con Orientación en Psicología Social,Maestría,031000
255,7031200009,Maestría en Antropología,Maestría,031000
256,7031200016,Maestria En Ciencias Antropologicas,Maestría,031000
257,7031200043,Maestría en Gestión y Desarrollo Social,Maestría,031000
258,7031200071,Maestría en Estudios Socioterritoriales,Maestría,031000
259,7031200087,"Maestría en Estudios Francófonos: Pedagogía, Lingüística y Estudios Interculturales",Maestría,031000
260,7031200093,Maestria en Estudios Rurales,Maestría,031000
261,7031300005,Maestría en Ciencia Política,Maestría,031000
262,7031300023,Maestría en Políticas Públicas,Maestría,031000
263,7031300041,Maestría en Transparencia y Protección de Datos Personales,Maestría,031000
264,7031300078,Maestría en Relaciones Internacionales de Gobiernos y Actores Locales,Maestría,031000
265,7031300118,Maestria en Ciencia de la Ciudad,Maestría,031000
266,7031400008,Maestría en Economía,Maestría,031000
267,7031400038,Maestría en Relaciones Económicas Internacionales y Cooperación,Maestría,031000
268,7031500022,Maestría en Gerontología,Maestría,031000
269,7031500062,Maestría en Resolución de Conflictos,Maestría,031000
270,7031500078,Maestria en Neurociencias De Las Adicciones,Maestría,031000
271,7032100004,Maestría en Comunicación,Maestría,032000
272,7032100037,Maestría en Periodismo Digital,Maestría,032000
273,7032100049,Maestría en Global Politics and Transpacific Studies,Maestría,032000
274,7033100026,Maestría en Derecho,Maestría,033000
275,7041100024,Maestría en Negocios Internacionales,Maestría,041000
276,7041100026,Maestría en Negocios y Estudios Económicos,Maestría,041000
277,7041100029,Maestría en Valuación,Maestría,041000
278,7041200034,Maestría en Dirección de Mercadotecnia,Maestría,041000
279,7041300021,Maestría en Finanzas,Maestría,041000
280,7041300024,Maestría en Finanzas Empresariales,Maestría,041000
281,7041300082,Maestría en Finanzas para el Desarrollo Sostenible,Maestría,041000
282,7041400008,Maestría en Análisis Tributario,Maestría,041000
283,7041400048,Maestría en Estudios Fiscales,Maestría,041000
284,7042100015,Maestría en Administración y Gestión Regional,Maestría,042000
285,7042100033,Maestría en Administración de Negocios,Maestría,042000
286,7042100311,Maestría en Desarrollo y Dirección de la Innovación,Maestría,042000
287,7042300011,Maestría en Gestión de Gobiernos Locales,Maestría,042000
288,7042300040,Maestría en Gobierno Electrónico,Maestría,042000
289,7042300054,"Maestría en Ciencias para el Desarrollo, la Sustentabilidad y el Turismo",Maestría,042000
290,7042500117,Maestría en Gestión y Desarrollo Cultural,Maestría,042000
291,7051300013,Maestría en Ciencias en Biosistemática y Manejo de Recursos Naturales y Agrícolas,Maestría,051000
292,7051300018,Maestría en Ciencias en Manejo de Recursos Naturales,Maestría,051000
293,7051300079,Maestría en Ciencias en Ecología y Manejo de Recursos Costeros y Marinos,Maestría,051000
294,7051300093,"Maestria en Ciudad, Cambio Climatico y Resiliencia",Maestría,051000
295,7052100009,Maestría en Ciencias en Física,Maestría,052000
296,7052100021,Maestría en Ciencias Físico Matemáticas,Maestría,052000
297,7052200003,Maestría en Ciencia de Materiales,Maestría,052000
298,7052200006,Maestría en Ciencias en Química,Maestría,052000
299,7052200016,Maestría en Ciencia e Ingeniería de Materiales,Maestría,052000
300,7052200018,Maestría en Ciencias en Ingeniería Química,Maestría,052000
301,7052300006,Maestría en Ciencias en Geofísica,Maestría,052000
302,7052300025,Maestría en Ciencias en Hidrometeorología,Maestría,052000
303,7052300035,Maestria En Geologia,Maestría,052000
304,7053100007,Maestría en Ciencias en Matemáticas,Maestría,053000
305,7053100018,Maestría en Ciencias con Orientación en Ciencias Exactas e Ingenierías,Maestría,053000
306,7061000012,Maestría en Ciencia de los Datos,Maestría,061000
307,7061300005,Maestría en Ingeniería de Software,Maestría,061000
308,7061300057,Maestria en Ingenieria Y Ciencia De Datos,Maestría,061000
309,7062000007,Maestría en Ciencias en Bioingeniería y Cómputo Inteligente,Maestría,062000
310,7062200049,Maestría en Tecnologías de Información,Maestría,062000
311,7062200074,Maestría en Cómputo Aplicado,Maestría,062000
312,7071000033,Maestría en Ciencias en Ingeniería del Agua y la Energía,Maestría,071000
313,7071000035,Maestría en Ingeniería en Energías Renovables,Maestría,071000
314,7071200009,Maestría en Ciencias en Ingeniería Eléctrica,Maestría,071000
315,7071200021,Maestría en Ingeniería del Agua y la Energía,Maestría,071000
316,7071300003,Maestría en Ingeniería Mecatrónica,Maestría,071000
317,7071300026,Maestría en Ciencias en Ingeniería Electrónica y Computación,Maestría,071000
318,7071300053,Maestria en Ciencias en Robotica e Inteligencia Artificial,Maestría,071000
319,7071400012,Maestría en Ciencias en Procesos Biotecnológicos,Maestría,071000
320,7071600020,Maestría en Ciencia de Productos Forestales,Maestría,071000
321,7073100005,Maestría en Desarrollo Local y Territorio,Maestría,073000
322,7073100082,Maestría en Urbanismo y Territorio,Maestría,073000
323,7073100088,Maestría en Ciencias de la Arquitectura,Maestría,073000
324,7073100089,Maestría en Procesos y Expresión Gráfica en la Proyectación Arquitectónica-Urbana,Maestría,073000
325,7081000006,Maestría en Tecnología de Semillas,Maestría,081000
326,7081100051,Maestría en Agricultura Protegida,Maestría,081000
327,7081100056,Maestría Interinstitucional en Producción Pecuaria,Maestría,081000
328,7081100068,Maestría en Produccion Animal Sustentable,Maestría,081000
329,7081100073,Maestría en Ciencias Agropecuarias,Maestría,081000
330,7081100078,Maestría en Ciencias con Orientación en Ciencias Biológicas y Agropecuarias,Maestría,081000
331,7091316004,"Maestría en Nutrición Humana, Orientación Materno Infantil",Maestría,091000
332,7091325001,Maestría en Ciencias de la Salud en el Trabajo,Maestría,091000
333,7093207003,Maestría en Patología y Medicina Bucal,Maestría,093000
334,7094200035,Maestría en Ciencia del Comportamiento,Maestría,094000
335,7095000011,Maestría en Microbiología Médica,Maestría,095000
336,7095600007,Maestría en Ciencias de la Salud Ambiental,Maestría,095000
337,7095600030,Maestría en Salud Pública,Maestría,095000
338,7095600046,Maestría en Ciencias Socio Médicas,Maestría,095000
339,7095600068,Maestria en Educacion en Ciencias de la Salud,Maestría,095000
340,7101000006,Maestría en Actividad Física y Estilo de Vida,Maestría,101000
341,7101500016,Maestría en Ciencias en Inocuidad Alimentaria,Maestría,101000
342,7102100006,"Maestría en Movilidad Urbana, Transporte y Territorio",Maestría,102000
343,7103100003,Maestría en Ergonomía,Maestría,103000
344,7103100010,Maestría en Gestión de la Seguridad y Salud en el Trabajo,Maestría,103000
345,8011000006,Doctorado en Cognición y Aprendizaje,Doctorado,011000
346,8011400005,Doctorado en Sistemas y Ambientes Educativos,Doctorado,011000
347,8011500003,Doctorado en Educación,Doctorado,011000
348,8021000010,Doctorado en Arte y Cultura,Doctorado,021000
349,8021000011,Doctorado en Gestión de la Cultura,Doctorado,021000
350,8022000001,Doctorado en Humanidades,Doctorado,022000
351,8022500004,Doctorado en Historia,Doctorado,022000
352,8031000001,Doctorado en Ciencias Sociales,Doctorado,031000
353,8031100002,Doctorado en Ciencia del Comportamiento,Doctorado,031000
354,8031100026,Doctorado en Psicología con Orientación en Calidad de Vida y Salud,Doctorado,031000
355,8031300003,Doctorado en Ciencia Política,Doctorado,031000
356,8031300020,Doctorado en Políticas Públicas y Desarrollo,Doctorado,031000
357,8031400014,Doctorado en Estudios Económicos,Doctorado,031000
358,8033100003,Doctorado en Derechos Humanos,Doctorado,033000
359,8033100009,Doctorado en Derecho,Doctorado,033000
360,8041400003,Doctorado en Estudios Fiscales,Doctorado,041000
361,8042000005,Doctorado en Ciencias de la Administración,Doctorado,042000
362,8042000014,Doctorado en Gestión y Negocios,Doctorado,042000
363,8042100049,Doctorado en Innovación para el Hábitat Sustentable,Doctorado,042000
364,8042100051,Doctorado en Innovación y Sustentabilidad en los Negocios,Doctorado,042000
365,8042200004,"Doctorado en Ciencias para el Desarrollo, la Sustentabilidad y el Turismo",Doctorado,042000
366,8042500005,Doctorado en Gestión de la Educación Superior,Doctorado,042000
367,8051100012,Doctorado en Genética Humana,Doctorado,051000
368,8051200017,Doctorado en Farmacología,Doctorado,051000
369,8051200020,Doctorado en Ciencias en Biología Molecular en Medicina,Doctorado,051000
370,8051300007,"Doctorado en Ciencias en Biosistemática, Ecología y Manejo de Recursos Naturales y Agrícolas",Doctorado,051000
371,8052000007,Doctorado en Ciencias en Microbiología y la Biotecnología Molecular,Doctorado,052000
372,8052100009,Doctorado en Ciencias en Física,Doctorado,052000
373,8052100019,Doctorado en Ciencias Físico Matemáticas,Doctorado,052000
374,8052200001,Doctorado en Ciencia de Materiales,Doctorado,052000
375,8052200009,Doctorado en Ciencias en Química,Doctorado,052000
376,8052200018,Doctorado en Ciencias en Ingeniería Química,Doctorado,052000
377,8052200023,Doctorado en Ciencia de Biomateriales Sustentables,Doctorado,052000
378,8052300012,Doctorado en Geografía y Ordenación Territorial,Doctorado,052000
379,8052300021,Doctorado En Geologia,Doctorado,052000
380,8053100005,Doctorado en Ciencias en Matemáticas,Doctorado,053000
381,8061100020,Doctorado en Ciencias en Inteligencia Computacional,Doctorado,061000
382,8062200005,Doctorado en Tecnologías de Información,Doctorado,062000
383,8071000002,Doctorado en Ciencia y Tecnología,Doctorado,071000
384,8071000012,Doctorado en Ciencias en Ingeniería,Doctorado,071000
385,8071200008,Doctorado en Agua y Energía,Doctorado,071000
386,8071300016,Doctorado en Ciencias de la Electrónica y la Computación,Doctorado,071000
387,8071400003,Doctorado en Ciencias en Procesos Biotecnológicos,Doctorado,071000
388,8072100013,Doctorado en Ciencias de la Nutrición Traslacional,Doctorado,072000
389,8072300004,Doctorado en Ciencia e Ingeniería de Materiales,Doctorado,072000
390,8073100010,"Doctorado en Ciudad, Territorio y Sustentabilidad",Doctorado,073000
391,8091100003,Doctorado en Ciencias de la Salud Ocupacional,Doctorado,091000
392,8091345016,Doctorado en Investigación Multidisciplinaria en Salud,Doctorado,091000
393,8094200006,Doctorado en Ciencia del Comportamiento,Doctorado,094000
394,8095000003,Doctorado en Microbiología Médica,Doctorado,095000
395,8095200001,Doctorado en Biociencias,Doctorado,095000
396,8095200003,Doctorado en Ciencias Biomédicas,Doctorado,095000
397,8095600001,Doctorado en Ciencias de la Salud Pública,Doctorado,095000
398,8102100001,"Doctorado en Movilidad Urbana, Transporte y Territorio",Doctorado,102000
399,8031100011,Doctorado Interinstitucional,Doctorado,031000
