row,clave_programa,programa_educativo,nivel_educativo,campo_clasificacion,campo_amplio,campo_especifico,campo_detallado,ciclo
1,BGAI,Bachillerato General por Áreas Interdisciplinarias,Bachillerato General,,,,,
2,BGC,Bachillerato General por Competencias,Bachillerato General,,,,,
3,2021300033,Técnico en Música,Profesional Medio,021300,020000,021000,021300,
4,2051200001,Tecnólogo Profesional en Biotecnología,Profesional Medio,051200,050000,051000,051200,
5,2062100003,Tecnólogo Profesional en Telecomunicaciones,Profesional Medio,062100,060000,062000,062100,
6,2062200007,Tecnólogo Profesional en Informática,Profesional Medio,062200,060000,062000,062200,
7,2062200013,Tecnólogo Profesional en Sistemas Informáticos,Profesional Medio,062200,060000,062000,062200,
8,2071100002,Tecnólogo Profesional en Mecánica Industrial,Profesional Medio,071100,070000,071000,071100,
9,2071200002,Tecnólogo Profesional en Electricidad Industrial,Profesional Medio,071200,070000,071000,071200,
10,2071200011,Tecnólogo Profesional en Energías Alternas,Profesional Medio,071200,070000,071000,071200,
11,2071400001,Tecnólogo Profesional Químico Industrial,Profesional Medio,071400,070000,071000,071400,
12,2071400003,Tecnólogo Profesional en Procesos Químicos Industriales,Profesional Medio,071400,070000,071000,071400,
13,2072000001,Tecnólogo Profesional en Procesos de Manufactura Competitiva,Profesional Medio,072000,070000,072000,072000,
14,2072100002,Tecnólogo Profesional Químico en Análisis y Procesos de Alimentos,Profesional Medio,072100,070000,072000,072100,
15,2072300001,Tecnólogo Profesional en Plásticos,Profesional Medio,072300,070000,072000,072300,
16,2072400001,Metalurgia,Profesional Medio,072400,070000,072000,072400,
17,2072400002,Fundición,Profesional Medio,072400,070000,072000,072400,
18,2072400003,Tecnólogo Profesional en Metalurgia y Fundición,Profesional Medio,072400,070000,072000,072400,
19,2081100001,Agropecuario,Profesional Medio,081100,080000,081000,081100,
20,2092100004,Enfermería,Profesional Medio,092100,090000,092000,092100,
21,2101500001,Alimentos,Profesional Medio,101500,100000,101000,101500,
22,3021600008,Bachillerato Tecnológico en Diseño y Confección de Prendas de Vestir y Artesanías,Bachillerato Tecnológico,021600,020000,021000,021600,
23,3021600010,Bachillerato Intercultural Tecnológico en Diseño y Confección de prendas de vestir y Artesanias,Bachillerato Tecnológico,021600,020000,021000,021600,
24,3021700001,Bachillerato Tecnológico en Cerámica,Bachillerato Tecnológico,021700,020000,021000,021700,
25,3041100005,Bachillerato Tecnológico en Gestión Aduanal y Operaciones Empresariales,Bachillerato Tecnológico,041100,040000,041000,041100,
26,3042000001,Bachillerato Tecnológico en Administración,Bachillerato Tecnológico,042000,040000,042000,042000,
27,3042100001,Administración de Empresas,Bachillerato Tecnológico,042100,040000,042000,042100,
28,3042100026,Bachillerato Tecnológico en Administración de Pequeños y Medianos Negocios,Bachillerato Tecnológico,042100,040000,042000,042100,
29,3061300004,Bachillerato Técnico en Desarrollo de Software,Bachillerato Tecnológico,061300,060000,061000,061300,
30,3071700002,Bachillerato Tecnológico Químico en Control de Calidad y Medio Ambiente,Bachillerato Tecnológico,071700,070000,071000,071700,
31,3073200001,Bachillerato Tecnológico en Diseño Industrial,Bachillerato Tecnológico,073200,070000,073000,073200,
32,3081100003,Bachillerato Tecnológico Agropecuario,Bachillerato Tecnológico,081100,080000,081000,081100,
33,3081100019,Bachillerato Tecnológico Agropecuario y Forestal,Bachillerato Tecnológico,081100,080000,081000,081100,
34,3081100024,Bachillerato Intercultural Tecnológico Agropecuario y Forestal,Bachillerato Tecnológico,081100,080000,081000,081100,
35,3093100005,Bachillerato Tecnológico en Prótesis Dental,Bachillerato Tecnológico,093100,090000,093000,093100,
36,3095300007,Bachillerato Tecnológico en Citología e Histología,Bachillerato Tecnológico,095300,090000,095000,095300,
37,3101600003,Bachillerato Tecnológico en Turismo,Bachillerato Tecnológico,101600,100000,101000,101600,
38,4021500005,Técnico Superior Universitario en Multimedia,Técnico Superior Universitario,021500,020000,021000,021500,
39,4042100031,Técnico Superior Universitario en Control de Calidad,Técnico Superior Universitario,042100,040000,042000,042100,2024-2025
40,4061300006,Técnico Superior Universitario en Sistemas Informáticos,Técnico Superior Universitario,061300,060000,061000,061300,
41,4062100001,Técnico Superior Universitario en Administración de Redes de Cómputo,Técnico Superior Universitario,062100,060000,062000,062100,
42,4062100003,Técnico Superior Universitario en Redes de Cómputo,Técnico Superior Universitario,062100,060000,062000,062100,
43,4062100004,Técnico Superior Universitario en Redes y Telecomunicaciones,Técnico Superior Universitario,062100,060000,062000,062100,
44,4062200010,Técnico Superior Universitario en Tecnologías de la Información,Técnico Superior Universitario,062200,060000,062000,062200,
45,4071100009,Técnico Superior Universitario en Mantenimiento Industrial,Técnico Superior Universitario,071100,070000,071000,071100,2024-2025
46,4071300015,Técnico Superior Universitario en Electrónica,Técnico Superior Universitario,071300,070000,071000,071300,
47,4071300020,Técnico Superior Universitario en Electrónica y Pruebas,Técnico Superior Universitario,071300,070000,071000,071300,
48,4071500002,Técnico Superior Universitario en Electrónica y Mecánica Automotriz,Técnico Superior Universitario,071500,070000,071000,071500,
49,4072000010,Técnico Superior Universitario en Procesos de Manufactura,Técnico Superior Universitario,072000,070000,072000,072000,
50,4093100005,Técnico Superior Universitario en Prótesis Dental,Técnico Superior Universitario,093100,090000,093000,093100,
51,4094100005,Técnico Superior Universitario en Terapia Física,Técnico Superior Universitario,094100,090000,094000,094100,
52,4094100010,Técnico Superior Universitario en Terapia Respiratoria,Técnico Superior Universitario,094100,090000,094000,094100,
53,4095300010,Técnico Superior Universitario en Radiología e Imagen,Técnico Superior Universitario,095300,090000,095000,095300,
54,4101600010,Técnico Superior Universitario en Servicios Turísticos,Técnico Superior Universitario,101600,100000,101000,101600,
55,4101600012,Técnico Superior Universitario en Turismo Alternativo,Técnico Superior Universitario,101600,100000,101000,101600,
56,4103100001,"Técnico Superior Universitario en Emergencias, Seguridad Laboral y Rescates",Técnico Superior Universitario,103100,100000,103000,103100,
57,5011100022,Licenciatura en Educación Indígena,Licenciatura,011100,010000,011000,011100,
58,5011200004,Licenciatura en Desarrollo Educativo,Licenciatura,011200,010000,011000,011200,
59,5011500002,Licenciatura en Educación,Licenciatura,011500,010000,011000,011500,
60,5012603011,Licenciatura en Didáctica del Francés como Lengua Extranjera,Licenciatura,012603,010000,012000,012600,
61,5012603027,Licenciatura en Docencia del Inglés como Lengua Extranjera,Licenciatura,012603,010000,012000,012600,
62,5021000002,Licenciatura en Artes,Licenciatura,021000,020000,021000,021000,
63,5021000007,Licenciatura en Gestión Cultural,Licenciatura,021000,020000,021000,021000,
64,5021000010,Licenciatura en Historia del Arte,Licenciatura,021000,020000,021000,021000,
65,5021000110,"Licenciatura en Diseño, Arte y Tecnologías Interactivas",Licenciatura,021000,020000,021000,021000,
66,5021000114,Licenciatura en Artes Visuales para la Expresión Fotográfica,Licenciatura,021000,020000,021000,021000,
67,5021100004,Licenciatura en Artes Visuales,Licenciatura,021100,020000,021000,021100,
68,5021200006,Licenciatura en Artes Escénicas,Licenciatura,021200,020000,021000,021200,
69,5021200054,Licenciatura en Artes Escénicas para la Expresión Dancística,Licenciatura,021200,020000,021000,021200,
70,5021200055,Licenciatura en Artes Escénicas para la Expresión Teatral,Licenciatura,021200,020000,021000,021200,
71,5021300063,Licenciatura en Música,Licenciatura,021300,020000,021000,021300,
72,5021400012,Licenciatura en Artes Audiovisuales,Licenciatura,021400,020000,021000,021400,
73,5021500002,Ingeniería en Comunicación Multimedia,Licenciatura,021500,020000,021000,021500,
74,5021500044,Licenciatura en Diseño para la Comunicación Gráfica,Licenciatura,021500,020000,021000,021500,
75,5021500119,Licenciatura en Escritura Creativa,Licenciatura,021500,020000,021000,021500,
76,5021600017,Licenciatura en Diseño de Interiores y Ambientación,Licenciatura,021600,020000,021000,021600,
77,5021600024,Licenciatura en Diseño de Modas,Licenciatura,021600,020000,021000,021600,
78,5021600062,Licenciatura en Diseño de Artesanía,Licenciatura,021600,020000,021000,021600,
79,5021700002,Licenciatura en Artes Visuales para la Expresión Plástica,Licenciatura,021700,020000,021000,021700,
80,5022000001,Licenciatura en Humanidades,Licenciatura,022000,020000,022000,022000,
81,5022200040,Licenciatura en Lenguas y Culturas Extranjeras,Licenciatura,022200,020000,022000,022200,
82,5022300022,Licenciatura en Letras Hispánicas,Licenciatura,022300,020000,022000,022300,
83,5022500001,Licenciatura en Estudios Liberales,Licenciatura,022500,020000,022000,022500,
84,5022500008,Licenciatura en Historia,Licenciatura,022500,020000,022000,022500,
85,5022600002,Licenciatura en Filosofía,Licenciatura,022600,020000,022000,022600,
86,5031100007,Licenciatura en Psicología,Licenciatura,031100,030000,031000,031100,
87,5031200004,Licenciatura en Antropología,Licenciatura,031200,030000,031000,031200,
88,5031200031,Licenciatura en Sociología,Licenciatura,031200,030000,031000,031200,
89,5031300010,Licenciatura en Estudios Políticos y Gobierno,Licenciatura,031300,030000,031000,031300,
90,5031300014,Licenciatura en Relaciones Internacionales,Licenciatura,031300,030000,031000,031300,
91,5031300044,Licenciatura en Construcción De La Paz y Seguridad,Licenciatura,031300,030000,031000,031300,
92,5031400003,Licenciatura en Economía,Licenciatura,031400,030000,031000,031400,
93,5031500008,Licenciatura en Gerontología,Licenciatura,031500,030000,031000,031500,
94,5031500010,Licenciatura en Trabajo Social,Licenciatura,031500,030000,031000,031500,
95,5032100001,Licenciatura en Periodismo Digital,Licenciatura,032100,030000,032000,032100,
96,5032100027,Licenciatura en Comunicación Pública,Licenciatura,032100,030000,032000,032100,
97,5032100038,Licenciatura en Periodismo,Licenciatura,032100,030000,032000,032100,
98,5032100065,Licenciatura en Relaciones Públicas y Comunicación,Licenciatura,032100,030000,032000,032100,
99,5032200003,Licenciatura en Bibliotecología,Licenciatura,032200,030000,032000,032200,
100,5032200012,Licenciatura en Bibliotecología y Gestión del Conocimiento,Licenciatura,032200,030000,032000,032200,
101,5033100003,Abogado,Licenciatura,033100,030000,033000,033100,
102,5033200006,Licenciatura en Criminología,Licenciatura,033200,030000,033000,033200,
103,5033200024,Licenciatura en Ciencias Forenses,Licenciatura,033200,030000,033000,033200,
104,5041100007,Ingeniería de Procesos y Comercio Internacional,Licenciatura,041100,040000,041000,041100,
105,5041100009,Ingeniería en Negocios,Licenciatura,041100,040000,041000,041100,
106,5041100021,Licenciatura en Agronegocios,Licenciatura,041100,040000,041000,041100,
107,5041100056,Licenciatura en Negocios Internacionales,Licenciatura,041100,040000,041000,041100,
108,5041100127,Licenciatura en Gestión de Negocios Gastronómicos,Licenciatura,041100,040000,041000,041100,
109,5041200028,Licenciatura en Mercadotecnia,Licenciatura,041200,040000,041000,041200,
110,5041200075,Licenciatura en Mercadotecnia Digital,Licenciatura,041200,040000,041000,041200,
111,5041300007,Licenciatura en Administración Financiera y Sistemas,Licenciatura,041300,040000,041000,041300,
112,5041300066,Licenciatura en Inteligencia Financiera y de Negocios,Licenciatura,041300,040000,041000,041300,
113,5041400032,Licenciatura en Contaduría Pública,Licenciatura,041400,040000,041000,041400,
114,5042000002,Licenciatura en Administración,Licenciatura,042000,040000,042000,042000,
115,5042100012,Licenciatura en Administración de Negocios,Licenciatura,042100,040000,042000,042100,
116,5042100065,Licenciatura en Administración de las Organizaciones,Licenciatura,042100,040000,042000,042100,
117,5042100092,Licenciatura en Administración y Gestión Empresarial,Licenciatura,042100,040000,042000,042100,
118,5042100117,Licenciatura en Recursos Humanos,Licenciatura,042100,040000,042000,042100,
119,5042200024,Licenciatura en Desarrollo Turístico Sustentable,Licenciatura,042200,040000,042000,042200,
120,5042300027,Licenciatura en Administración Gubernamental y Políticas Públicas,Licenciatura,042300,040000,042000,042300,
121,5042400005,Ingeniería en Administración Industrial,Licenciatura,042400,040000,042000,042400,
122,5051100003,Licenciatura en Biología,Licenciatura,051100,050000,051000,051100,
123,5051100006,Licenciatura en Biología Marina,Licenciatura,051100,050000,051000,051100,
124,5051100015,Ingeniería en Sistemas Biológicos,Licenciatura,051100,050000,051000,051100,
125,5051200024,Ingeniería en Biotecnología,Licenciatura,051200,050000,051000,051200,
126,5051300005,Ingeniería en Recursos Naturales y Agropecuarios,Licenciatura,051300,050000,051000,051300,
127,5051300020,Licenciatura en Gestión y Economía Ambiental,Licenciatura,051300,050000,051000,051300,
128,5051300048,Licenciatura en Ciencias Ambientales y del Territorio,Licenciatura,051300,050000,51000,051300,
129,5052100005,Licenciatura en Física,Licenciatura,052100,050000,052000,052100,
130,5052200002,Ingeniería en Nanotecnología,Licenciatura,052200,050000,052000,052200,
131,5052200007,Licenciatura en Química,Licenciatura,052200,050000,052000,052200,
132,5052200017,Licenciatura en Ciencia de Materiales,Licenciatura,052200,050000,052000,052200,
133,5052200021,Ingeniería en Diseño Molecular de Materiales,Licenciatura,052200,050000,052000,052200,
134,5052300015,Licenciatura en Geografía,Licenciatura,052300,050000,052000,052300,
135,5053100004,Licenciatura en Matemáticas,Licenciatura,053100,050000,053000,053100,
136,5061000002,Ingeniería en Computación,Licenciatura,061000,060000,061000,061000,
137,5061000015,Licenciatura en Desarrollo de Sistemas Web,Licenciatura,061000,060000,061000,061000,
138,5061100001,Ingeniería en Ciencias Computacionales,Licenciatura,061100,060000,061000,061100,
139,5061300147,Licenciatura en Ciberseguridad,Licenciatura,061300,060000,061000,061300,
140,5061300148,Licenciatura en Creatividad Digital,Licenciatura,061300,060000,061000,061300,
141,5062100009,Ingeniería en Comunicaciones y Electrónica,Licenciatura,062100,060000,062000,062100,
142,5062100033,Ingeniería en Teleinformática,Licenciatura,062100,060000,062000,062100,
143,5062100034,Ingeniería en Telemática,Licenciatura,062100,060000,062000,062100,
144,5062200055,Ingeniería Informática,Licenciatura,062200,060000,062000,062200,
145,5062200073,Ingeniería en Electrónica y Computación,Licenciatura,062200,060000,062000,062200,
146,5062200082,Licenciatura en Tecnologías de la Información,Licenciatura,062200,060000,062000,062200,
147,5062200105,Licenciatura en Tecnologías e Información,Licenciatura,062200,060000,062000,062200,
148,5071000020,Ingeniería Biomédica,Licenciatura,071000,070000,071000,071000,
149,5071000047,Ingeniería en Videojuegos,Licenciatura,071000,070000,071000,071000,
150,5071100005,Ingeniería en Diseño Industrial,Licenciatura,071100,070000,071000,071100,
151,5071100019,Licenciatura en Diseño Industrial,Licenciatura,071100,070000,071000,071100,
152,5071200009,Ingeniería en Energía,Licenciatura,071200,070000,071000,071200,
153,5071200034,Ingeniería Fotónica,Licenciatura,071200,070000,071000,071200,
154,5071300009,Ingeniería Mecánica Eléctrica,Licenciatura,071300,070000,071000,071300,
155,5071300014,Ingeniería Mecatrónica,Licenciatura,071300,070000,071000,071300,
156,5071300082,Ingeniería Robótica,Licenciatura,071300,070000,071000,071300,
157,5071300091,Ingeniería en Instrumentación Electrónica y Nanosensores,Licenciatura,071300,070000,071000,071300,
158,5071300110,Licenciatura en Ingeniería en Automatización Industrial,Licenciatura,071300,070000,071000,071300,2024-2025
159,5071300147,Ingeniería Mecatrónica Dual,Licenciatura,071300,070000,071000,071300,
160,5071300158,Licenciatura en Inteligencia Artificial y Ciencia de los Datos,Licenciatura,071300,070000,071000,071300,
161,5071400008,Ingeniería Bioquímica,Licenciatura,071400,070000,071000,071400,
162,5071400015,Ingeniería Química,Licenciatura,071400,070000,071000,071400,
163,5071700019,Ingeniería Industrial,Licenciatura,071700,070000,071000,071700,
164,5072100002,Ingeniería Agroindustrial,Licenciatura,072100,070000,072000,072100,
165,5072100018,Licenciatura en Ciencia de los Alimentos,Licenciatura,072100,070000,072000,072100,
166,5072100033,Licenciatura en Ingeniería en Alimentos y Biotecnología,Licenciatura,072100,070000,072000,072100,
167,5072100049,Licenciatura en Ciencias y Artes Culinarias,Licenciatura,072100,070000,072000,072100,
168,5072400001,Ingeniería en Geofísica,Licenciatura,072400,070000,072000,072400,
169,5073100009,Licenciatura en Arquitectura,Licenciatura,073100,070000,073000,073100,
170,5073100024,Licenciatura en Urbanística y Medio Ambiente,Licenciatura,073100,070000,073000,073100,
171,5073200005,Ingeniería Civil,Licenciatura,073200,070000,073000,073200,
172,5073200010,Ingeniería en Obras y Servicios,Licenciatura,073200,070000,073000,073200,
173,5073200035,Ingeniería en Topografía Geomática,Licenciatura,073200,070000,073000,073200,
174,5081100010,Licenciatura en Agrobiotecnología,Licenciatura,081100,080000,081000,081100,
175,5081100050,Ingeniería en Sistemas Pecuarios,Licenciatura,081100,080000,081000,081100,
176,5081300016,Ingeniero Agrónomo,Licenciatura,081300,080000,081000,081300,
177,5082100001,Licenciatura en Medicina Veterinaria y Zootecnia,Licenciatura,082100,080000,082000,082100,
178,5091100010,Médico Cirujano y Partero,Licenciatura,091100,090000,091000,091100,
179,5091100011,Médico Cirujano y Partero,Licenciatura,091100,090000,091000,091100,
180,5092100006,Licenciatura en Enfermería,Licenciatura,092100,090000,092000,092100,
181,5093100002,Licenciatura en Cirujano Dentista,Licenciatura,093100,090000,093000,093100,
182,5094100009,Licenciatura en Terapia Física,Licenciatura,094100,090000,094000,094100,
183,5094200006,Licenciatura en Nutrición,Licenciatura,094200,090000,094000,094200,
184,5094300009,Licenciatura en Podología,Licenciatura,094300,090000,094000,094300,
185,5095200007,Licenciatura en Tecnologías Biomédicas,Licenciatura,095200,090000,095000,095200,
186,5095400006,Licenciatura en Químico Farmacéutico Biólogo,Licenciatura,095400,090000,095000,095400,
187,5095600005,Licenciatura en Salud Pública,Licenciatura,095600,090000,095000,095600,
188,5101100015,Licenciatura en Cultura Física y Deportes,Licenciatura,101100,100000,101000,101100,
189,5101600013,Licenciatura en Turismo,Licenciatura,101600,100000,101000,101600,
190,5102100004,Ingeniería en Logística y Transporte,Licenciatura,102100,100000,102000,102100,
191,5103100007,"Licenciatura en Seguridad Laboral, Protección Civil y Emergencias",Licenciatura,103100,100000,103000,103100,
192,5103100017,"Licenciatura en Seguridad Laboral, Protección Civil y Emergencias",Licenciatura,103100,100000,103000,103100,2024-2025
193,5104100015,Licenciatura en Seguridad Ciudadana,Licenciatura,104100,100000,104000,104100,
194,6033100087,Especialidad en Juicio de Amparo,Especialidad,033100,030000,033000,033100,2024-2025
195,6041100014,Especialidad en Valuación,Especialidad,041100,040000,041000,041100,
196,6051100001,Especialidad en Biología de la Reproducción Humana,Especialidad,051100,050000,051000,051100,
197,6081100002,Especialidad en Producción Animal,Especialidad,081100,080000,081000,081100,
198,6081100005,Especialidad en Producción Porcina,Especialidad,081100,080000,081000,081100,
199,6091301004,Especialidad en Anestesiología,Especialidad,091301,090000,091000,091300,
200,6091301005,Especialidad en Anestesiología Pediátrica,Especialidad,091301,090000,091000,091300,
201,6091301008,Especialidad en Medicina Paliativa y del Dolor,Especialidad,091301,090000,091000,091300,
202,6091302001,Especialidad en Angiología y Cirugía Vascular,Especialidad,091302,090000,091000,091300,
203,6091304001,Especialidad en Cardiología,Especialidad,091304,090000,091000,091300,
204,6091304018,Especialidad en Hemodinamia y Cardiología Intervencionista,Especialidad,091304,090000,091000,091300,
205,6091305002,Especialidad en Cirugía General,Especialidad,091305,090000,091000,091300,
206,6091306001,Especialidad en Cirugía Cardiotorácica,Especialidad,091306,090000,091000,091300,
207,6091307001,Especialidad en Neurocirugía,Especialidad,091307,090000,091000,091300,
208,6091308001,Especialidad en Cirugía Pediátrica,Especialidad,091308,090000,091000,091300,
209,6091309002,Especialidad en Cirugía Plástica y Reconstructiva,Especialidad,091309,090000,091000,091300,
210,6091310001,Especialidad en Dermatología,Especialidad,091310,090000,091000,091300,
211,6091310002,Especialidad en Dermatología Pediátrica,Especialidad,091310,090000,091000,091300,
212,6091311001,Especialidad en Endocrinología,Especialidad,091311,090000,091000,091300,
213,6091312001,Especialidad en Coloproctología,Especialidad,091312,090000,091000,091300,
214,6091313001,Especialidad en Cirugía Bariátrica y Metabólica,Especialidad,091313,090000,091000,091300,
215,6091313004,Especialidad en Gastroenterología,Especialidad,091313,090000,091000,091300,
216,6091313008,Especialidad en Gastroenterología y Nutrición Pediátrica,Especialidad,091313,090000,091000,091300,
217,6091314001,Especialidad en Genética Médica,Especialidad,091314,090000,091000,091300,
218,6091315001,Especialidad en Geriatría,Especialidad,091315,090000,091000,091300,
219,6091316002,Especialidad en Ginecología y Obstetricia,Especialidad,091316,090000,091000,091300,
220,6091316004,Especialidad en Medicina Materno-Fetal,Especialidad,091316,090000,091000,091300,
221,6091316007,Especialidad en Ginecología Oncológica,Especialidad,091316,090000,091000,091300,
222,6091317001,Especialidad en Hematología,Especialidad,091317,090000,091000,091300,
223,6091317003,Especialidad en Hematología Pediátrica,Especialidad,091317,090000,091000,091300,
224,6091317009,Especialidad en Hemato-Oncología Pediátrica,Especialidad,091317,090000,091000,091300,
225,6091318001,Especialidad en Infectología,Especialidad,091318,090000,091000,091300,
226,6091318002,Especialidad en Infectología Pediátrica,Especialidad,091318,090000,091000,091300,
227,6091319001,Especialidad en Alergia e Inmunología Clínica,Especialidad,091319,090000,091000,091300,
228,6091319004,Especialidad en Alergia e Inmunología Clínica Pediátrica,Especialidad,091319,090000,091000,091300,
229,6091321003,Especialidad en Medicina del Enfermo en Estado Crítico,Especialidad,091321,090000,091000,091300,
230,6091322003,Especialidad en Medicina de Rehabilitación,Especialidad,091322,090000,091000,091300,
231,6091323001,Especialidad en Medicina de Urgencias,Especialidad,091323,090000,091000,091300,
232,6091323002,Especialidad en Urgencias Médicas,Especialidad,091323,090000,091000,091300,
233,6091323004,Especialidad en Urgencias Pediátricas,Especialidad,091323,090000,091000,091300,
234,6091325001,Especialidad en Medicina del Trabajo,Especialidad,091325,090000,091000,091300,
235,6091325002,Especialidad en Medicina del Trabajo y Ambiental,Especialidad,091325,090000,091000,091300,
236,6091326001,Especialidad en Medicina Familiar,Especialidad,091326,090000,091000,091300,
237,6091327002,Especialidad en Medicina Interna,Especialidad,091327,090000,091000,091300,
238,6091329001,Especialidad en Anatomía Patológica,Especialidad,091329,090000,091000,091300,
239,6091331003,Especialidad en Nefrología,Especialidad,091331,090000,091000,091300,
240,6091331004,Especialidad en Nefrología Pediátrica,Especialidad,091331,090000,091000,091300,2024-2025
241,6091332001,Especialidad en Neumología,Especialidad,091332,090000,091000,091300,
242,6091334001,Especialidad en Neurología,Especialidad,091334,090000,091000,091300,
243,6091335001,Especialidad en Oftalmología,Especialidad,091335,090000,091000,091300,
244,6091335003,Especialidad en Retina Médica y Quirúrgica,Especialidad,091335,090000,091000,091300,
245,6091336001,Especialidad en Cirugía Oncológica,Especialidad,091336,090000,091000,091300,
246,6091336005,Especialidad en Oncología Médica,Especialidad,091336,090000,091000,091300,
247,6091336007,Especialidad en Oncología Pediátrica,Especialidad,091336,090000,091000,091300,
248,6091336009,"Especialidad en Oncología, Hematología Pediátrica",Especialidad,091336,090000,091000,091300,
249,6091336013,Especialidad en Radio-Oncología,Especialidad,091336,090000,091000,091300,
250,6091337002,Especialidad en Ortopedia,Especialidad,091337,090000,091000,091300,
251,6091337005,Especialidad en Traumatología y Ortopedia,Especialidad,091337,090000,091000,091300,
252,6091337008,Especialidad en Cirugía de Trauma Toraco-Abdominal,Especialidad,091337,090000,091000,091300,
253,6091338002,Especialidad en Otorrinolaringología Pediátrica,Especialidad,091338,090000,091000,091300,
254,6091338003,Especialidad en Otorrinolaringología y Cirugía de Cabeza y Cuello,Especialidad,091338,090000,091000,091300,
255,6091339001,Especialidad en Patología Clínica,Especialidad,091339,090000,091000,091300,
256,6091340001,Especialidad en Pediatría,Especialidad,091340,090000,091000,091300,
257,6091340004,Especialidad en Neonatología,Especialidad,091340,090000,091000,091300,
258,6091341001,Especialidad en Psiquiatría,Especialidad,091341,090000,091000,091300,
259,6091342012,Especialidad en Imagenología Diagnóstica y Terapéutica,Especialidad,091342,090000,091000,091300,
260,6091342013,Especialidad en Radiología e Imagen,Especialidad,091342,090000,091000,091300,
261,6091343001,Especialidad en Reumatología,Especialidad,091343,090000,091000,091300,
262,6091344001,Especialidad en Urología,Especialidad,091344,090000,091000,091300,
263,6091344002,Especialidad en Urología Ginecológica,Especialidad,091344,090000,091000,091300,
264,6091345005,Especialidad en Calidad de la Atención Clínica,Especialidad,091345,090000,091000,091300,
265,6091345008,Especialidad en Cirugía Laparoscópica,Especialidad,091345,090000,091000,091300,
266,6091345011,Especialidad en Cirugía Oncológica de Cabeza y Cuello,Especialidad,091345,090000,091000,091300,
267,6092202002,Especialidad en Enfermería en Cuidados Intensivos,Especialidad,092202,090000,092000,092200,
268,6092203006,Especialidad en Enfermería en Gerontología y Geriatría,Especialidad,092203,090000,092000,092200,
269,6092204007,Especialidad de Enfermería en Salud Pública,Especialidad,092204,090000,092000,092200,
270,6092205001,Especialidad en Enfermería Oncológica,Especialidad,092205,090000,092000,092200,2024-2025
271,6092206002,Especialidad en Enfermería Pediátrica,Especialidad,092206,090000,092000,092200,
272,6092206010,Especialidad en Enfermería Neonatal,Especialidad,092206,090000,092000,092200,
273,6092207003,Especialidad en Enfermería Quirúrgica,Especialidad,092207,090000,092000,092200,
274,6092208015,Especialidad en Enfermería en Cuidados Paliativos,Especialidad,092208,090000,092000,092200,
275,6093201002,Especialidad en Cirugía Maxilofacial,Especialidad,093201,090000,093000,093200,
276,6093201005,Especialidad en Prótesis Maxilofacial,Especialidad,093201,090000,093000,093200,
277,6093202001,Especialidad en Endodoncia,Especialidad,093202,090000,093000,093200,
278,6093203005,Especialidad en Odontopediatría,Especialidad,093203,090000,093000,093200,
279,6093204001,Especialidad en Ortodoncia,Especialidad,093204,090000,093000,093200,
280,6093205004,Especialidad en Periodoncia,Especialidad,093205,090000,093000,093200,
281,6093206003,Especialidad en Prostodoncia,Especialidad,093206,090000,093000,093200,
282,6093207002,Especialidad en Patología y Medicina Bucal,Especialidad,093207,090000,093000,093200,
283,6095600002,Especialidad en Epidemiología,Especialidad,095600,090000,095000,095600,
284,7011000002,Maestría en Educación Ambiental,Maestría,011000,010000,011000,011000,
285,7011000042,Maestría en Innovación Social y Gestión del Bienestar,Maestría,011000,010000,011000,011000,
286,7011000094,Maestría en Inclusión y Atención a la Diversidad,Maestría,011000,010000,011000,011000,2024-2025
287,7011200033,Maestría en Investigación Educativa,Maestría,011200,010000,011000,011200,
288,7011200037,Maestría en Planeación de la Educación Superior,Maestría,011200,010000,011000,011200,
289,7011200077,Maestría en Gestión y Políticas de la Educación Superior,Maestría,011200,010000,011000,011200,
290,7011200088,Maestría en Procesos Innovadores en el Aprendizaje,Maestría,011200,010000,011000,011200,
291,7011400011,Maestría en Tecnologías para el Aprendizaje,Maestría,011400,010000,011000,011400,
292,7011400029,Maestría en Gestión del Aprendizaje en Ambientes Virtuales,Maestría,011400,010000,011000,011400,
293,7011500003,Maestría en Educación,Maestría,011500,010000,011000,011500,
294,7011500004,Maestría en Investigación en Ciencias de la Educación,Maestría,011500,010000,011000,011500,
295,7012000087,Maestría en Estudios del Turismo,Maestría,012000,010000,012000,012000,
296,7012400001,Maestría en Docencia para la Educación Media Superior,Maestría,012400,010000,012000,012400,
297,7012500034,Maestría en Educación Superior Internacional,Maestría,012500,010000,012000,012500,
298,7012601008,Maestría en Educación Física y Deporte,Maestría,012601,010000,012000,012600,
299,7012601010,Maestría en Ciencias de la Educación Física y del Deporte,Maestría,012601,010000,012000,012600,
300,7012602002,Maestría en Didáctica de las Artes,Maestría,012602,010000,012000,012600,
301,7012602009,Maestría en Educación y Expresión para las Artes,Maestría,012602,010000,012000,012600,
302,7012603017,Maestría en la Enseñanza del Inglés como Lengua Extranjera,Maestría,012603,010000,012000,012600,
303,7012604029,Maestría en Enseñanza de las Matemáticas,Maestría,012604,010000,012000,012600,
304,7012604064,Maestría en Ciencia y Tecnología,Maestría,012604,010000,012000,012600,
305,7021000014,Maestría en Gestión de la Cultura,Maestría,021000,020000,021000,021000,
306,7021300007,Maestría en Etnomusicología,Maestría,021300,020000,021000,021300,
307,7021400005,Maestría en Estudios Cinematográficos,Maestría,021400,020000,021000,021400,
308,7021400038,Maestría en Diseño de Información y Comunicación Digital,Maestría,021400,020000,021000,021400,
309,7021600006,Maestría en Diseño y Desarrollo de Nuevos Productos,Maestría,021600,020000,021000,021600,
310,7021600019,Maestría en Diseño e Innovación Industrial,Maestría,021600,020000,021000,021600,
311,7021600021,Maestría en Diseño y Desarrollo de Nuevos Productos,Maestría,021600,020000,021000,021600,
312,7022200011,Maestría en Estudios de las Lenguas y Culturas Inglesas,Maestría,022200,020000,022000,022200,
313,7022200019,"Maestría Interinstitucional en Deutsch Als Fremdsprache: Estudios Interculturales de Lengua, Literatura y Cultura Alemanas",Maestría,022200,020000,022000,022200,
314,7022300005,Maestría en Estudios de Literatura Mexicana,Maestría,022300,020000,022000,022300,
315,7022300015,Maestría en Literaturas Comparadas,Maestría,022300,020000,022000,022300,
316,7022300017,Maestría en Literatura del Siglo XX,Maestría,022300,020000,022000,022300,
317,7022300034,Maestría en Literaturas Interamericanas,Maestría,022300,020000,022000,022300,
318,7022300036,Maestría en Estudios en Literacidad,Maestría,022300,020000,022000,022300,
319,7022300037,Maestría en Estudios Críticos del Lenguaje,Maestría,022300,020000,022000,022300,
320,7022400002,Maestría en Lingüística Aplicada,Maestría,022400,020000,022000,022400,
321,7022400011,Maestría en Lexicografia y Producción Editorial,Maestría,022400,020000,022000,022400,2024-2025
322,7022500008,Maestría en Estudios Mesoamericanos,Maestría,022500,020000,022000,022500,
323,7022500015,Maestría en Historia de México,Maestría,022500,020000,022000,022500,
324,7022500032,Maestría en Historia Cultural,Maestría,022500,020000,022000,022500,
325,7022600002,Maestría en Bioética,Maestría,022600,020000,022000,022600,
326,7022600008,Maestría en Estudios Filosóficos,Maestría,022600,020000,022000,022600,
327,7031000001,Maestría en Ciencias Sociales,Maestría,031000,030000,031000,031000,
328,7031000012,Maestría en Literacidad,Maestría,031000,030000,031000,031000,
329,7031000052,Maestría en Estudios Transdisciplinares en Ciencia y Tecnología,Maestría,031000,030000,031000,031000,
330,7031000067,"Maestría en Desarrollo Humano, Educación e Interculturalidad",Maestría,031000,030000,031000,031000,
331,7031100001,Maestría en Psicología Educativa,Maestría,031100,030000,031000,031100,
332,7031100005,Maestría en Ciencia del Comportamiento,Maestría,031100,030000,031000,031100,
333,7031100028,Maestría en Psicología,Maestría,031100,030000,031000,031100,
334,7031100030,Maestría en Psicología Clínica,Maestría,031100,030000,031000,031100,
335,7031100041,Maestría en Psicología Con Orientación en Psicología Social,Maestría,031100,030000,031000,031100,
336,7031100043,Maestría en Psicología de la Salud,Maestría,031100,030000,031000,031100,
337,7031100057,Maestría en Psicología Social,Maestría,031100,030000,031000,031100,
338,7031100103,Maestría en Terapia Familiar,Maestría,031100,030000,031000,031100,
339,7031100176,Maestría en Psicología con Orientación en Calidad de Vida y Salud,Maestría,031100,030000,031000,031100,
340,7031100188,Maestría en Neuropsicología,Maestría,031100,030000,031000,031100,
341,7031100252,Maestría en Psicología con Orientación en Psicología Social,Maestría,031100,030000,031000,031100,
342,7031100253,Maestría en Psicología con Orientación en Psicología Ecológica y Conductual,Maestría,031100,030000,031000,031100,
343,7031200009,Maestría en Antropología,Maestría,031200,030000,031000,031200,
344,7031200016,Maestría en Ciencias Antropológicas,Maestría,031200,030000,031000,031200,
345,7031200035,Maestría en Estudios de Género,Maestría,031200,030000,031000,031200,
346,7031200038,Maestría en Estudios Regionales,Maestría,031200,030000,031000,031200,
347,7031200043,Maestría en Gestión y Desarrollo Social,Maestría,031200,030000,031000,031200,
348,7031200071,Maestría en Estudios Socioterritoriales,Maestría,031200,030000,031000,031200,
349,7031200087,"Maestría en Estudios Francófonos: Pedagogía, Lingüística y Estudios Interculturales",Maestría,031200,030000,031000,031200,
350,7031200093,Maestría en Estudios Rurales,Maestría,031200,030000,031000,031200,
351,7031300005,Maestría en Ciencia Política,Maestría,031300,030000,031000,031300,
352,7031300023,Maestría en Políticas Públicas,Maestría,031300,030000,031000,031300,
353,7031300041,Maestría en Transparencia y Protección de Datos Personales,Maestría,031300,030000,031000,031300,
354,7031300048,Maestría en Ciencia Política con Orientación en Democracias Contemporáneas,Maestría,031300,030000,031000,031300,
355,7031300078,Maestría en Relaciones Internacionales de Gobiernos y Actores Locales,Maestría,031300,030000,031000,031300,
356,7031300118,Maestría en Ciencia de la Ciudad,Maestría,031300,030000,031000,031300,
357,7031400008,Maestría en Economía,Maestría,031400,030000,031000,031400,
358,7031400038,Maestría en Relaciones Económicas Internacionales y Cooperación,Maestría,031400,030000,031000,031400,
359,7031500022,Maestría en Gerontología,Maestría,031500,030000,031000,031500,
360,7031500027,Maestría en Trabajo Social,Maestría,031500,030000,031000,031500,
361,7031500062,Maestría en Resolución de Conflictos,Maestría,031500,030000,031000,031500,
362,7031500078,Maestría en Neurociencias De Las Adicciones,Maestría,031500,030000,031000,031500,
363,7032100004,Maestría en Comunicación,Maestría,032100,030000,032000,032100,
364,7032100037,Maestría en Periodismo Digital,Maestría,032100,030000,032000,032100,
365,7032100049,Maestría en Global Politics and Transpacific Studies,Maestría,032100,030000,032000,032100,
366,7033100026,Maestría en Derecho,Maestría,033100,030000,033000,033100,
367,7033200002,Maestría en Ciencias Forenses,Maestría,033200,030000,033000,033200,
368,7033200014,Maestría en Ciencias Forenses y Criminología,Maestría,033200,030000,033000,033200,
369,7033200077,Maestría en Genética Forense e Identificación Humana,Maestría,033200,030000,033000,033200,
370,7041100018,Maestría en Comercio y Mercados Internacionales,Maestría,041100,040000,041000,041100,
371,7041100024,Maestría en Negocios Internacionales,Maestría,041100,040000,041000,041100,
372,7041100026,Maestría en Negocios y Estudios Económicos,Maestría,041100,040000,041000,041100,
373,7041100029,Maestría en Valuación,Maestría,041100,040000,041000,041100,
374,7041200034,Maestría en Dirección de Mercadotecnia,Maestría,041200,040000,041000,041200,
375,7041200042,Maestría en Mercadotecnia,Maestría,041200,040000,041000,041200,
376,7041300021,Maestría en Finanzas,Maestría,041300,040000,041000,041300,
377,7041300024,Maestría en Finanzas Empresariales,Maestría,041300,040000,041000,041300,
378,7041300082,Maestría en Finanzas para el Desarrollo Sostenible,Maestría,041300,040000,041000,041300,
379,7041400008,Maestría en Análisis Tributario,Maestría,041400,040000,041000,041400,
380,7041400009,Maestría en Auditoría,Maestría,041400,040000,041000,041400,
381,7041400028,Maestría en Impuestos,Maestría,041400,040000,041000,041400,
382,7041400048,Maestría en Estudios Fiscales,Maestría,041400,040000,041000,041400,
383,7042000002,Maestría en Administración,Maestría,042000,040000,042000,042000,
384,7042100015,Maestría en Administración y Gestión Regional,Maestría,042100,040000,042000,042100,
385,7042100033,Maestría en Administración de Negocios,Maestría,042100,040000,042000,042100,
386,7042100129,Maestría en Dirección Estratégica de la Calidad,Maestría,042100,040000,042000,042100,
387,7042100177,Maestría en Generación y Gestión de la Innovación,Maestría,042100,040000,042000,042100,
388,7042100268,Maestría en Gestión del Capital Humano y Desarrollo Organizacional,Maestría,042100,040000,042000,042100,
389,7042100311,Maestría en Desarrollo y Dirección de la Innovación,Maestría,042100,040000,042000,042100,
390,7042200008,Maestría en Desarrollo Sustentable y Turismo,Maestría,042200,040000,042000,042200,
391,7042300011,Maestría en Gestión de Gobiernos Locales,Maestría,042300,040000,042000,042300,
392,7042300030,Maestría en Gestión de Servicios Públicos en Ambientes Virtuales,Maestría,042300,040000,042000,042300,
393,7042300031,Maestría en Gestión Pública,Maestría,042300,040000,042000,042300,
394,7042300040,Maestría en Gobierno Electrónico,Maestría,042300,040000,042000,042300,
395,7042300054,"Maestría en Ciencias para el Desarrollo, la Sustentabilidad y el Turismo",Maestría,042300,040000,042000,042300,
396,7042500034,Maestría en Gestión de la Calidad y Seguridad en los Servicios de Salud,Maestría,042500,040000,042000,042500,
397,7042500053,Maestría en Administración de Instituciones de Salud,Maestría,042500,040000,042000,042500,
398,7042500062,Maestría en Gerencia de Servicios de Salud,Maestría,042500,040000,042000,042500,
399,7042500117,Maestría en Gestión y Desarrollo Cultural,Maestría,042500,040000,042000,042500,
400,7051100007,Maestría en Ciencias Biológicas,Maestría,051100,050000,051000,051100,
401,7051200018,Maestría en Farmacología,Maestría,051200,050000,051000,051200,
402,7051200022,Maestría en Ciencias en Biología Molecular en Medicina,Maestría,051200,050000,051000,051200,
403,7051300013,Maestría en Ciencias en Biosistemática y Manejo de Recursos Naturales y Agrícolas,Maestría,051300,050000,051000,051300,
404,7051300018,Maestría en Ciencias en Manejo de Recursos Naturales,Maestría,051300,050000,051000,051300,
405,7051300079,Maestría en Ciencias en Ecología y Manejo de Recursos Costeros y Marinos,Maestría,051300,050000,051000,051300,
406,7051300093,"Maestría en Ciudad, Cambio Climático y Resiliencia",Maestría,051300,050000,051000,051300,
407,7052000001,Maestría en Ciencias,Maestría,052000,050000,052000,052000,
408,7052100009,Maestría en Ciencias en Física,Maestría,052100,050000,052000,052100,
409,7052100021,Maestría en Ciencias Físico Matemáticas,Maestría,052100,050000,052000,052100,
410,7052100029,Maestría en Ciencias en Óptica y Fotónica,Maestría,052100,050000,052000,052100,2024-2025
411,7052200003,Maestría en Ciencia de Materiales,Maestría,052200,050000,052000,052200,
412,7052200006,Maestría en Ciencias en Química,Maestría,052200,050000,052000,052200,
413,7052200016,Maestría en Ciencia e Ingeniería de Materiales,Maestría,052200,050000,052000,052200,
414,7052200018,Maestría en Ciencias en Ingeniería Química,Maestría,052200,050000,052000,052200,
415,7052300003,Maestría en Ciencias de la Tierra,Maestría,052300,050000,052000,052300,
416,7052300006,Maestría en Ciencias en Geofísica,Maestría,052300,050000,052000,052300,
417,7052300025,Maestría en Ciencias en Hidrometeorología,Maestría,052300,050000,052000,052300,
418,7052300035,Maestría en Geología,Maestría,052300,050000,052000,052300,
419,7053100007,Maestría en Ciencias en Matemáticas,Maestría,053100,050000,053000,053100,
420,7053100018,Maestría en Ciencias con Orientación en Ciencias Exactas e Ingenierías,Maestría,053100,050000,053000,053100,
421,7061000002,Maestría en Computación Aplicada,Maestría,061000,060000,061000,061000,
422,7061000012,Maestría en Ciencia de los Datos,Maestría,061000,060000,061000,061000,
423,7061100016,Maestría en Cómputo Paralelo,Maestría,061100,060000,061000,061100,
424,7061300005,Maestría en Ingeniería de Software,Maestría,061300,060000,061000,061300,
425,7061300011,Maestría en Sistemas de Información,Maestría,061300,060000,061000,061300,
426,7061300057,Maestría en Ingeniería y Ciencia De Datos,Maestría,061300,060000,061000,061300,
427,7062000007,Maestría en Ciencias en Bioingeniería y Cómputo Inteligente,Maestría,062000,060000,062000,062000,
428,7062200028,Mtría en Ingeniería de Desarrollos Tecnológicos,Maestría,062200,060000,062000,062200,
429,7062200049,Maestría en Tecnologías de Información,Maestría,062200,060000,062000,062200,
430,7062200074,Maestría en Cómputo Aplicado,Maestría,062200,060000,062000,062200,
431,7071000033,Maestría en Ciencias en Ingeniería del Agua y la Energía,Maestría,071000,070000,071000,071000,
432,7071000035,Maestría en Ingeniería en Energías Renovables,Maestría,071000,070000,071000,071000,
433,7071200009,Maestría en Ciencias en Ingeniería Eléctrica,Maestría,071200,070000,071000,071200,
434,7071200021,Maestría en Ingeniería del Agua y la Energía,Maestría,071200,070000,071000,071200,
435,7071300003,Maestría en Ingeniería Mecatrónica,Maestría,071300,070000,071000,071300,
436,7071300026,Maestría en Ciencias en Ingeniería Electrónica y Computación,Maestría,071300,070000,071000,071300,
437,7071300053,Maestría en Ciencias en Robótica e Inteligencia Artificial,Maestría,071300,070000,071000,071300,
438,7071400012,Maestría en Ciencias en Procesos Biotecnológicos,Maestría,071400,070000,071000,071400,
439,7071500006,Maestría en Proyectos Tecnológicos,Maestría,071500,070000,071000,071500,
440,7071600009,Maestría en Protección Ambiental,Maestría,071600,070000,071000,071600,
441,7071600020,Maestría en Ciencia de Productos Forestales,Maestría,071600,070000,071000,071600,
442,7071700001,Maestría en Ingeniería de Proyectos,Maestría,071700,070000,071000,071700,
443,7071700002,Maestría en Sistemas de Calidad,Maestría,071700,070000,071000,071700,
444,7071700009,Maestría en Análisis de Sistemas Industriales,Maestría,071700,070000,071000,071700,
445,7072100008,Maestría en Ciencias de los Alimentos,Maestría,072100,070000,072000,072100,
446,7072100012,Maestría en Ciencias en Microbiología e Inocuidad de Alimentos,Maestría,072100,070000,072000,072100,
447,7073100005,Maestría en Desarrollo Local y Territorio,Maestría,073100,070000,073000,073100,
448,7073100051,Maestría en Urbanismo y Desarrollo,Maestría,073100,070000,073000,073100,
449,7073100082,Maestría en Urbanismo y Territorio,Maestría,073100,070000,073000,073100,
450,7073100088,Maestría en Ciencias de la Arquitectura,Maestría,073100,070000,073000,073100,
451,7073100089,Maestría en Procesos y Expresión Gráfica en la Proyectación Arquitectónica-Urbana,Maestría,073100,070000,073000,073100,
452,7073200013,Maestría en Ingeniería Civil,Maestría,073200,070000,073000,073200,2024-2025
453,7081000006,Maestría en Tecnología de Semillas,Maestría,081000,080000,081000,081000,
454,7081100023,Maestría en Ciencias en Nutrición Animal,Maestría,081100,080000,081000,081100,
455,7081100033,Maestría en Ciencias Pecuarias,Maestría,081100,080000,081000,081100,
456,7081100051,Maestría en Agricultura Protegida,Maestría,081100,080000,081000,081100,
457,7081100056,Maestría Interinstitucional en Producción Pecuaria,Maestría,081100,080000,081000,081100,
458,7081100068,Maestría en Produccion Animal Sustentable,Maestría,081100,080000,081000,081100,
459,7081100072,Maestría en Ciencias Agrícolas y Forestales,Maestría,081100,080000,081000,081100,
460,7081100073,Maestría en Ciencias Agropecuarias,Maestría,081100,080000,081000,081100,
461,7081100078,Maestría en Ciencias con Orientación en Ciencias Biológicas y Agropecuarias,Maestría,081100,080000,081000,081100,
462,7081100105,Maestría en Producción Apícola,Maestría,081100,080000,081000,081100,2024-2025
463,7091316004,"Maestría en Nutrición Humana, Orientación Materno Infantil",Maestría,091316,090000,091000,091300,
464,7091325001,Maestría en Ciencias de la Salud en el Trabajo,Maestría,091325,090000,091000,091300,
465,7091345002,Maestría en Ciencias de la Salud de la Adolescencia y la Juventud,Maestría,091345,090000,091000,091300,
466,7091345005,Maestría en Ciencias Médicas,Maestría,091345,090000,091000,091300,
467,7092208001,Maestría en Enfermería Gerencial,Maestría,092208,090000,092000,092200,
468,7093100003,Maestría en Ciencias Odontológicas,Maestría,093100,090000,093000,093100,
469,7093207003,Maestría en Patología y Medicina Bucal,Maestría,093207,090000,093000,093200,
470,7094200035,Maestría en Ciencia del comportamiento con orientación en alimentación y nutrición,Maestría,094200,090000,094000,094200,
471,7095000001,Maestría en Investigación Clínica,Maestría,095000,090000,095000,095000,
472,7095000011,Maestría en Microbiología Médica,Maestría,095000,090000,095000,095000,
473,7095200012,Maestría en Ciencias Biomédicas,Maestría,095200,090000,095000,095200,
474,7095300001,Maestría en Química Clínica,Maestría,095300,090000,095000,095300,
475,7095400007,Maestría en Ciencias Biofarmacéuticas,Maestría,095400,090000,095000,095400,2024-2025
476,7095600007,Maestría en Ciencias de la Salud Ambiental,Maestría,095600,090000,095000,095600,
477,7095600015,Maestría en Ciencias de la Salud Pública,Maestría,095600,090000,095000,095600,
478,7095600030,Maestría en Salud Pública,Maestría,095600,090000,095000,095600,
479,7095600046,Maestría en Ciencias Socio Médicas,Maestría,095600,090000,095000,095600,
480,7095600068,Maestría en Educación en Ciencias de la Salud,Maestría,095600,090000,095000,095600,
481,7101000006,Maestría en Actividad Física y Estilo de Vida,Maestría,101000,100000,101000,101000,
482,7101500016,Maestría en Ciencias en Inocuidad Alimentaria,Maestría,101500,100000,101000,101500,
483,7102100006,"Maestría en Movilidad Urbana, Transporte y Territorio",Maestría,102100,100000,102000,102100,
484,7103100003,Maestría en Ergonomía,Maestría,103100,100000,103000,103100,
485,7103100010,Maestría en Gestión de la Seguridad y Salud en el Trabajo,Maestría,103100,100000,103000,103100,
486,8011000006,Doctorado en Cognición y Aprendizaje,Doctorado,011000,010000,011000,011000,
487,8011400005,Doctorado en Sistemas y Ambientes Educativos,Doctorado,011400,010000,011000,011400,
488,8011500003,Doctorado en Educación,Doctorado,011500,010000,011000,011500,
489,8021000010,Doctorado en Arte y Cultura,Doctorado,021000,020000,021000,021000,
490,8021000011,Doctorado en Gestión de la Cultura,Doctorado,021000,020000,021000,021000,
491,8022000001,Doctorado en Humanidades,Doctorado,022000,020000,022000,022000,
492,8022300004,Doctorado en Letras,Doctorado,022300,020000,022000,022300,
493,8022300013,Doctorado en Estudios Literarios y Lingüísticos,Doctorado,022300,020000,022000,022300,
494,8022500004,Doctorado en Historia,Doctorado,022500,020000,022000,022500,
495,8031000001,Doctorado en Ciencias Sociales,Doctorado,031000,030000,031000,031000,
496,8031000021,"Doctorado en Desarrollo Humano, Educación e Interculturalidad",Doctorado,031000,030000,031000,031000,
497,8031100002,Doctorado en Ciencia del Comportamiento,Doctorado,031100,030000,031000,031100,
498,8031100011,Doctorado Interinstitucional,Doctorado,031100,030000,031000,031100,
499,8031100026,Doctorado en Psicología con Orientación en Calidad de Vida y Salud,Doctorado,031100,030000,031000,031100,
500,8031100040,Doctorado en Psicología de la Salud,Doctorado,031100,030000,031000,031100,
501,8031200023,Doctorado en Estudios Regionales,Doctorado,031200,030000,031000,031200,
502,8031300003,Doctorado en Ciencia Política,Doctorado,031300,030000,031000,031300,
503,8031300020,Doctorado en Políticas Públicas y Desarrollo,Doctorado,031300,030000,031000,031300,
504,8031300039,Doctorado en Gestión de Paz y Prevención de las Violencias,Doctorado,031300,030000,031000,031300,2024-2025
505,8031400004,Doctorado en Ciencias Económico Administrativas,Doctorado,031400,030000,031000,031400,
506,8031400010,Doctorado en Negocios y Estudios Económicos,Doctorado,031400,030000,031000,031400,
507,8031400014,Doctorado en Estudios Económicos,Doctorado,031400,030000,031000,031400,
508,8033100003,Doctorado en Derechos Humanos,Doctorado,033100,030000,033000,033100,
509,8033100009,Doctorado en Derecho,Doctorado,033100,030000,033000,033100,
510,8041400003,Doctorado en Estudios Fiscales,Doctorado,041400,040000,041000,041400,
511,8042000005,Doctorado en Ciencias de la Administración,Doctorado,042000,040000,042000,042000,
512,8042000014,Doctorado en Gestión y Negocios,Doctorado,042000,040000,042000,042000,
513,8042100049,Doctorado en Innovación para el Hábitat Sustentable,Doctorado,042100,040000,042000,042100,
514,8042100051,Doctorado en Innovación y Sustentabilidad en los Negocios,Doctorado,042100,040000,042000,042100,
515,8042200004,"Doctorado en Ciencias para el Desarrollo, la Sustentabilidad y el Turismo",Doctorado,042200,040000,042000,042200,
516,8042500005,Doctorado en Gestión de la Educación Superior,Doctorado,042500,040000,042000,042500,
517,8051100004,Doctorado en Ciencias Biológicas,Doctorado,051100,050000,051000,051100,
518,8051100012,Doctorado en Genética Humana,Doctorado,051100,050000,051000,051100,
519,8051100024,Doctorado en Ciencias en Ecofisiología y Recursos Genéticos,Doctorado,051100,050000,051000,051100,
520,8051200017,Doctorado en Farmacología,Doctorado,051200,050000,051000,051200,
521,8051200020,Doctorado en Ciencias en Biología Molecular en Medicina,Doctorado,051200,050000,051000,051200,
522,8051200038,Doctorado en Ciencias en Bioquímica Molecular y Traslacional,Doctorado,051200,050000,051000,051200,2024-2025
523,8051300007,"Doctorado en Ciencias en Biosistemática, Ecología y Manejo de Recursos Naturales y Agrícolas",Doctorado,051300,050000,051000,051300,
524,8051300013,Doctorado en Ciencias para el Desarrollo Sustentable,Doctorado,051300,050000,051000,051300,
525,8052000002,Doctorado en Ciencias,Doctorado,052000,050000,052000,052000,
526,8052000007,Doctorado en Ciencias en Microbiología y la Biotecnología Molecular,Doctorado,052000,050000,052000,052000,
527,8052100009,Doctorado en Ciencias en Física,Doctorado,052100,050000,052000,052100,
528,8052100019,Doctorado en Ciencias Físico Matemáticas,Doctorado,052100,050000,052000,052100,
529,8052200001,Doctorado en Ciencia de Materiales,Doctorado,052200,050000,052000,052200,
530,8052200009,Doctorado en Ciencias en Química,Doctorado,052200,050000,052000,052200,
531,8052200018,Doctorado en Ciencias en Ingeniería Química,Doctorado,052200,050000,052000,052200,
532,8052200023,Doctorado en Ciencia de Biomateriales Sustentables,Doctorado,052200,050000,052000,052200,
533,8052300012,Doctorado en Geografía y Ordenación Territorial,Doctorado,052300,050000,052000,052300,
534,8052300021,Doctorado en Geología,Doctorado,052300,050000,052000,052300,
535,8053100005,Doctorado en Ciencias en Matemáticas,Doctorado,053100,050000,053000,053100,
536,8061100020,Doctorado en Ciencias en Inteligencia Computacional,Doctorado,061100,060000,061000,061100,
537,8062200001,Doctorado en Ingeniería y Tecnología,Doctorado,062200,060000,062000,062200,
538,8062200005,Doctorado en Tecnologías de Información,Doctorado,062200,060000,062000,062200,
539,8071000002,Doctorado en Ciencia y Tecnología,Doctorado,071000,070000,071000,071000,
540,8071000012,Doctorado en Ciencias en Ingeniería,Doctorado,071000,070000,071000,071000,
541,8071200008,Doctorado en Agua y Energía,Doctorado,071200,070000,071000,071200,
542,8071300016,Doctorado en Ciencias de la Electrónica y la Computación,Doctorado,071300,070000,071000,071300,
543,8071400003,Doctorado en Ciencias en Procesos Biotecnológicos,Doctorado,071400,070000,071000,071400,
544,8072100013,Doctorado en Ciencias de la Nutrición Traslacional,Doctorado,072100,070000,072000,072100,
545,8072300004,Doctorado en Ciencia e Ingeniería de Materiales,Doctorado,072300,070000,072000,072300,
546,8073100010,"Doctorado en Ciudad, Territorio y Sustentabilidad",Doctorado,073100,070000,073000,073100,
547,8081100028,Doctorado en Ciencias Agrícolas y Forestales,Doctorado,081100,080000,081000,081100,
548,8081100033,Doctorado en Ciencias con Orientación en Ciencias Biológicas y Agropecuarias,Doctorado,081100,080000,081000,081100,
549,8091100003,Doctorado en Ciencias de la Salud Ocupacional,Doctorado,091100,090000,091000,091100,
550,8091325001,Doctorado en Ciencias de la Salud en el Trabajo,Doctorado,091325,090000,091000,091300,
551,8091345002,Doctorado en Ciencias de la Salud Orientación en Investigación Clínica,Doctorado,091345,090000,091000,091300,
552,8091345005,Doctorado en Investigación Clínica,Doctorado,091345,090000,091000,091300,
553,8091345016,Doctorado en Investigación Multidisciplinaria en Salud,Doctorado,091345,090000,091000,091300,
554,8094200006,Doctorado en Ciencia del comportamiento con orientación en alimentación y nutrición,Doctorado,094200,090000,094000,094200,
555,8095000001,Doctorado en Ciencias Socio Médicas,Doctorado,095000,090000,095000,095000,
556,8095000003,Doctorado en Microbiología Médica,Doctorado,095000,090000,095000,095000,
557,8095200001,Doctorado en Biociencias,Doctorado,095200,090000,095000,095200,
558,8095200003,Doctorado en Ciencias Biomédicas,Doctorado,095200,090000,095000,095200,
559,8095600001,Doctorado en Ciencias de la Salud Pública,Doctorado,095600,090000,095000,095600,
560,8102100001,"Doctorado en Movilidad Urbana, Transporte y Territorio",Doctorado,102100,100000,102000,102100,
